id,user_stage,direction,goal,timeline,experience,available_days,difficulty,previous_goals_count,completed_goals_count,pathway_type,total_duration,num_phases,total_steps
RIPPLE_0001,University Student,Get a Job,Software Engineering,1 Month,Beginner,Mon;Tue;Wed;Thu;Fri;Sat,Moderate,2,1,30-Day Milestone Accelerator,4 Weeks,4,12
RIPPLE_0002,Building My Own Thing,Startup,B2B SaaS to First 10 Customers,3 Months,Beginner (Basic theory / introductory coursework),Mon;Wed;Fri;Sat,Moderate,0,0,Quarterly Transformation Roadmap,12 Weeks,4,12
RIPPLE_0003,Building My Own Thing,Startup,AI Micro-SaaS Launch,6 Months,Beginner (No prior background),Mon;Tue;Wed;Thu;Fri,Easy,1,0,Comprehensive Mastery & Career Pivot,24 Weeks,4,12
RIPPLE_0004,Changing Careers,Switch Industry,Data Science Career Pivot,6 Months,Beginner (Basic theory / introductory coursework),Mon;Tue;Wed;Thu;Fri;Sat;Sun,Intensive,2,2,Comprehensive Mastery & Career Pivot,24 Weeks,4,12
RIPPLE_0005,High School,University,Top Tier CS University Admissions,3 Months,Beginner (No prior background),Sat;Sun,Easy,0,0,Quarterly Transformation Roadmap,12 Weeks,4,12
RIPPLE_0006,High School,Learn a Skill,Mobile App Development,3 Months,Beginner (No prior background),Mon;Tue;Wed;Thu;Fri;Sat;Sun,Intensive,0,0,Quarterly Transformation Roadmap,12 Weeks,4,12
RIPPLE_0007,Working,Grow in My Career,Executive Presence & Tech Lead,3 Months,"Advanced (3+ years experience, looking to level up)",Mon;Tue;Wed;Thu;Fri;Sat;Sun,Hard,1,0,Quarterly Transformation Roadmap,12 Weeks,4,12
RIPPLE_0008,Building My Own Thing,Startup,Mobile App with 10k Downloads,1 Week,Beginner (Basic theory / introductory coursework),Sat;Sun,Easy,2,0,Rapid Sprint & Habit Kickoff,7 Days,3,9
RIPPLE_0009,High School,Learn a Skill,Full-Stack Web Basics,3 Months,Beginner (No prior background),Mon;Tue;Wed;Thu;Fri;Sat;Sun,Moderate,1,1,Quarterly Transformation Roadmap,12 Weeks,4,12
RIPPLE_0010,High School,Start Working,Resume & Interview Readiness,1 Month,Intermediate (Built 1-2 small projects / self-taught),Mon;Wed;Fri;Sat,Easy,0,0,30-Day Milestone Accelerator,4 Weeks,4,12
RIPPLE_0011,Entrepreneur,Grow My Business,Hire First 3 Core Engineers,3 Months,Beginner (No prior background),Mon;Tue;Wed;Thu;Fri;Sat;Sun,Moderate,2,1,Quarterly Transformation Roadmap,12 Weeks,4,12
RIPPLE_0012,Just Graduated,Higher Studies,Graduate School Applications,1 Month,"Advanced (3+ years experience, looking to level up)",Mon;Wed;Fri,Hard,0,0,30-Day Milestone Accelerator,4 Weeks,4,12
RIPPLE_0013,Just Graduated,Find a Job,Digital Marketing Specialist,6 Months,Beginner (No prior background),Mon;Tue;Wed;Thu;Fri,Easy,1,1,Comprehensive Mastery & Career Pivot,24 Weeks,4,12
RIPPLE_0014,Working,Better Work-Life Balance,Deep Work Systems & Burnout Recovery,3 Months,"Advanced (3+ years experience, looking to level up)",Mon;Wed;Fri,Easy,0,0,Quarterly Transformation Roadmap,12 Weeks,4,12
RIPPLE_0015,Building My Own Thing,Small Business,Local Service Agency Launch,1 Week,Intermediate (Built 1-2 small projects / self-taught),Mon;Wed;Fri;Sat,Intensive,3,0,Rapid Sprint & Habit Kickoff,7 Days,3,9
RIPPLE_0016,Entrepreneur,Grow My Business,Product Hunt Launch to #1 Product of Day,1 Month,Beginner (Basic theory / introductory coursework),Mon;Wed;Fri;Sat,Hard,0,0,30-Day Milestone Accelerator,4 Weeks,4,12
RIPPLE_0017,Changing Careers,Learn New Skills,Cloud & DevOps (AWS/Docker),1 Week,Beginner (No prior background),Tue;Thu;Sat;Sun,Hard,1,0,Rapid Sprint & Habit Kickoff,7 Days,3,9
RIPPLE_0018,Changing Careers,Switch Industry,Software Engineering Bootcamp to Job,6 Months,Beginner (No prior background),Mon;Wed;Fri;Sat,Moderate,3,3,Comprehensive Mastery & Career Pivot,24 Weeks,4,12
RIPPLE_0019,Working,Higher Salary,Target FAANG / Tier 1 Tech Offer,6 Months,Beginner (No prior background),Mon;Wed;Fri;Sat,Moderate,0,0,Comprehensive Mastery & Career Pivot,24 Weeks,4,12
RIPPLE_0020,High School,University,Scholarship Strategy,1 Month,"Advanced (3+ years experience, looking to level up)",Mon;Tue;Wed;Thu;Fri,Moderate,0,0,30-Day Milestone Accelerator,4 Weeks,4,12
RIPPLE_0021,Building My Own Thing,Startup,B2B SaaS to First 10 Customers,1 Week,Beginner (No prior background),Mon;Tue;Wed;Thu;Fri,Hard,1,1,Rapid Sprint & Habit Kickoff,7 Days,3,9
RIPPLE_0022,Changing Careers,Switch Industry,Data Science Career Pivot,6 Months,Beginner (Basic theory / introductory coursework),Sat;Sun,Intensive,1,0,Comprehensive Mastery & Career Pivot,24 Weeks,4,12
RIPPLE_0023,Building My Own Thing,Small Business,Local Service Agency Launch,6 Months,Intermediate (1-2 years relevant experience),Mon;Wed;Fri,Intensive,0,0,Comprehensive Mastery & Career Pivot,24 Weeks,4,12
RIPPLE_0024,Building My Own Thing,Startup,B2B SaaS to First 10 Customers,6 Months,Intermediate (Built 1-2 small projects / self-taught),Mon;Wed;Fri;Sat,Easy,1,1,Comprehensive Mastery & Career Pivot,24 Weeks,4,12
RIPPLE_0025,Working,Change Careers,Transition from QA to Dev,6 Months,Beginner (Basic theory / introductory coursework),Sat;Sun,Easy,0,0,Comprehensive Mastery & Career Pivot,24 Weeks,4,12
RIPPLE_0026,University Student,Get a Job,Software Engineering,1 Month,Beginner (Basic theory / introductory coursework),Sat;Sun,Intensive,3,1,30-Day Milestone Accelerator,4 Weeks,4,12
RIPPLE_0027,University Student,Freelance,Build Client Portfolio,6 Months,Intermediate (Built 1-2 small projects / self-taught),Mon;Wed;Fri,Intensive,3,1,Comprehensive Mastery & Career Pivot,24 Weeks,4,12
RIPPLE_0028,Changing Careers,Switch Industry,Data Science Career Pivot,3 Months,Beginner (No prior background),Mon;Tue;Wed;Thu;Fri;Sat;Sun,Easy,0,0,Quarterly Transformation Roadmap,12 Weeks,4,12
RIPPLE_0029,University Student,Get a Job,Cybersecurity Analyst,1 Month,Beginner (No prior background),Mon;Wed;Fri,Easy,1,0,30-Day Milestone Accelerator,4 Weeks,4,12
RIPPLE_0030,Changing Careers,Switch Industry,Data Science Career Pivot,1 Week,"Advanced (3+ years experience, looking to level up)",Sat;Sun,Easy,2,2,Rapid Sprint & Habit Kickoff,7 Days,3,9
RIPPLE_0031,High School,Learn a Skill,Full-Stack Web Basics,3 Months,Intermediate (1-2 years relevant experience),Mon;Tue;Wed;Thu;Fri,Hard,0,0,Quarterly Transformation Roadmap,12 Weeks,4,12
RIPPLE_0032,Working,Grow in My Career,Promotion to Senior Engineer,1 Month,"Advanced (3+ years experience, looking to level up)",Mon;Wed;Fri;Sat,Hard,2,1,30-Day Milestone Accelerator,4 Weeks,4,12
RIPPLE_0033,Just Graduated,Higher Studies,Statement of Purpose & Reference Letters,3 Months,"Advanced (3+ years experience, looking to level up)",Mon;Wed;Fri,Easy,2,1,Quarterly Transformation Roadmap,12 Weeks,4,12
RIPPLE_0034,University Student,Higher Studies,Research Fellowship Application,3 Months,"Advanced (3+ years experience, looking to level up)",Mon;Wed;Fri,Moderate,2,2,Quarterly Transformation Roadmap,12 Weeks,4,12
RIPPLE_0035,Entrepreneur,Find Investors,Raise $250k Pre-Seed,6 Months,Intermediate (Built 1-2 small projects / self-taught),Mon;Tue;Wed;Thu;Fri,Easy,2,0,Comprehensive Mastery & Career Pivot,24 Weeks,4,12
RIPPLE_0036,Building My Own Thing,Small Business,Local Service Agency Launch,1 Week,Beginner (No prior background),Mon;Wed;Fri,Easy,1,0,Rapid Sprint & Habit Kickoff,7 Days,3,9
RIPPLE_0037,Entrepreneur,Grow My Business,Product Hunt Launch to #1 Product of Day,1 Month,Intermediate (1-2 years relevant experience),Mon;Tue;Wed;Thu;Fri,Moderate,2,1,30-Day Milestone Accelerator,4 Weeks,4,12
RIPPLE_0038,Building My Own Thing,Startup,AI Micro-SaaS Launch,1 Week,Intermediate (Built 1-2 small projects / self-taught),Mon;Tue;Wed;Thu;Fri;Sat;Sun,Intensive,1,0,Rapid Sprint & Habit Kickoff,7 Days,3,9
RIPPLE_0039,Entrepreneur,Find Investors,Create Investor Pitch Deck & Data Room,1 Week,Beginner (Basic theory / introductory coursework),Sat;Sun,Hard,1,0,Rapid Sprint & Habit Kickoff,7 Days,3,9
RIPPLE_0040,Entrepreneur,Find Investors,Create Investor Pitch Deck & Data Room,1 Week,Intermediate (1-2 years relevant experience),Mon;Wed;Fri;Sat,Moderate,3,1,Rapid Sprint & Habit Kickoff,7 Days,3,9
RIPPLE_0041,Building My Own Thing,Startup,Mobile App with 10k Downloads,3 Months,Intermediate (Built 1-2 small projects / self-taught),Tue;Thu;Sat;Sun,Easy,2,2,Quarterly Transformation Roadmap,12 Weeks,4,12
RIPPLE_0042,University Student,Build a Startup,Launch MVP on Campus,3 Months,Beginner (No prior background),Mon;Tue;Wed;Thu;Fri;Sat;Sun,Easy,0,0,Quarterly Transformation Roadmap,12 Weeks,4,12
RIPPLE_0043,Changing Careers,Switch Industry,Product Management Transition,1 Month,Intermediate (Built 1-2 small projects / self-taught),Mon;Wed;Fri,Easy,3,2,30-Day Milestone Accelerator,4 Weeks,4,12
RIPPLE_0044,Building My Own Thing,Small Business,Local Service Agency Launch,1 Week,Intermediate (Built 1-2 small projects / self-taught),Mon;Wed;Fri,Hard,3,1,Rapid Sprint & Habit Kickoff,7 Days,3,9
RIPPLE_0045,Working,Better Work-Life Balance,Daily Routine Reset,3 Months,Intermediate (1-2 years relevant experience),Tue;Thu;Sat;Sun,Easy,2,2,Quarterly Transformation Roadmap,12 Weeks,4,12
RIPPLE_0046,Working,Better Work-Life Balance,Daily Routine Reset,6 Months,Beginner (Basic theory / introductory coursework),Tue;Thu;Sat;Sun,Easy,2,2,Comprehensive Mastery & Career Pivot,24 Weeks,4,12
RIPPLE_0047,Entrepreneur,Find Investors,Raise $250k Pre-Seed,1 Week,Beginner (No prior background),Sat;Sun,Moderate,0,0,Rapid Sprint & Habit Kickoff,7 Days,3,9
RIPPLE_0048,Working,Better Work-Life Balance,Daily Routine Reset,6 Months,Intermediate (1-2 years relevant experience),Mon;Wed;Fri;Sat,Intensive,1,0,Comprehensive Mastery & Career Pivot,24 Weeks,4,12
RIPPLE_0049,Entrepreneur,Grow My Business,Scale Revenue by 50%,1 Month,"Advanced (3+ years experience, looking to level up)",Mon;Tue;Wed;Thu;Fri,Intensive,1,1,30-Day Milestone Accelerator,4 Weeks,4,12
RIPPLE_0050,Entrepreneur,Grow My Business,Product Hunt Launch to #1 Product of Day,3 Months,Intermediate (1-2 years relevant experience),Mon;Tue;Wed;Thu;Fri;Sat;Sun,Intensive,3,2,Quarterly Transformation Roadmap,12 Weeks,4,12
RIPPLE_0051,Entrepreneur,Grow My Business,Product Hunt Launch to #1 Product of Day,1 Month,Intermediate (Built 1-2 small projects / self-taught),Mon;Tue;Wed;Thu;Fri,Intensive,2,1,30-Day Milestone Accelerator,4 Weeks,4,12
RIPPLE_0052,Changing Careers,Switch Industry,Software Engineering Bootcamp to Job,1 Month,Beginner (Basic theory / introductory coursework),Mon;Wed;Fri,Intensive,1,0,30-Day Milestone Accelerator,4 Weeks,4,12
RIPPLE_0053,Working,Better Work-Life Balance,Deep Work Systems & Burnout Recovery,6 Months,Intermediate (1-2 years relevant experience),Mon;Wed;Fri;Sat,Easy,0,0,Comprehensive Mastery & Career Pivot,24 Weeks,4,12
RIPPLE_0054,Working,Grow in My Career,Lead Cross-Functional Team,3 Months,Intermediate (1-2 years relevant experience),Mon;Tue;Wed;Thu;Fri;Sat;Sun,Intensive,1,0,Quarterly Transformation Roadmap,12 Weeks,4,12
RIPPLE_0055,High School,Learn a Skill,Python for Data Analysis,1 Week,Intermediate (1-2 years relevant experience),Mon;Wed;Fri,Hard,0,0,Rapid Sprint & Habit Kickoff,7 Days,3,9
RIPPLE_0056,Changing Careers,Switch Industry,Product Management Transition,1 Week,Beginner (No prior background),Mon;Wed;Fri;Sat,Intensive,3,3,Rapid Sprint & Habit Kickoff,7 Days,3,9
RIPPLE_0057,High School,Learn a Skill,Python for Data Analysis,3 Months,Intermediate (1-2 years relevant experience),Mon;Tue;Wed;Thu;Fri,Hard,0,0,Quarterly Transformation Roadmap,12 Weeks,4,12
RIPPLE_0058,High School,University,Scholarship Strategy,1 Week,Beginner (No prior background),Mon;Wed;Fri;Sat,Easy,1,0,Rapid Sprint & Habit Kickoff,7 Days,3,9
RIPPLE_0059,Just Graduated,Find a Job,QA Automation Engineer,1 Week,"Advanced (3+ years experience, looking to level up)",Sat;Sun,Moderate,2,2,Rapid Sprint & Habit Kickoff,7 Days,3,9
RIPPLE_0060,High School,University,Scholarship Strategy,1 Week,Intermediate (Built 1-2 small projects / self-taught),Sat;Sun,Intensive,1,0,Rapid Sprint & Habit Kickoff,7 Days,3,9
RIPPLE_0061,University Student,Build a Startup,Apply to YC / Student Incubator,1 Week,"Advanced (3+ years experience, looking to level up)",Tue;Thu;Sat;Sun,Easy,0,0,Rapid Sprint & Habit Kickoff,7 Days,3,9
RIPPLE_0062,University Student,Freelance,Build Client Portfolio,1 Week,Intermediate (1-2 years relevant experience),Mon;Wed;Fri,Hard,0,0,Rapid Sprint & Habit Kickoff,7 Days,3,9
RIPPLE_0063,Building My Own Thing,Small Business,Local Service Agency Launch,6 Months,Intermediate (1-2 years relevant experience),Tue;Thu;Sat;Sun,Hard,1,1,Comprehensive Mastery & Career Pivot,24 Weeks,4,12
RIPPLE_0064,Just Graduated,Higher Studies,Statement of Purpose & Reference Letters,6 Months,Intermediate (Built 1-2 small projects / self-taught),Sat;Sun,Easy,2,0,Comprehensive Mastery & Career Pivot,24 Weeks,4,12
RIPPLE_0065,High School,Learn a Skill,Python for Data Analysis,3 Months,"Advanced (3+ years experience, looking to level up)",Mon;Tue;Wed;Thu;Fri;Sat;Sun,Hard,0,0,Quarterly Transformation Roadmap,12 Weeks,4,12
RIPPLE_0066,Changing Careers,Switch Industry,Software Engineering Bootcamp to Job,1 Month,Intermediate (1-2 years relevant experience),Mon;Tue;Wed;Thu;Fri;Sat;Sun,Intensive,1,1,30-Day Milestone Accelerator,4 Weeks,4,12
RIPPLE_0067,Entrepreneur,Find Investors,Raise $250k Pre-Seed,3 Months,Beginner (Basic theory / introductory coursework),Mon;Wed;Fri,Intensive,1,1,Quarterly Transformation Roadmap,12 Weeks,4,12
RIPPLE_0068,Changing Careers,Learn New Skills,Cloud & DevOps (AWS/Docker),3 Months,Intermediate (Built 1-2 small projects / self-taught),Tue;Thu;Sat;Sun,Intensive,2,0,Quarterly Transformation Roadmap,12 Weeks,4,12
RIPPLE_0069,Building My Own Thing,Startup,Mobile App with 10k Downloads,1 Week,"Advanced (3+ years experience, looking to level up)",Mon;Wed;Fri;Sat,Moderate,1,1,Rapid Sprint & Habit Kickoff,7 Days,3,9
RIPPLE_0070,University Student,Higher Studies,Research Fellowship Application,1 Month,Intermediate (Built 1-2 small projects / self-taught),Tue;Thu;Sat;Sun,Moderate,0,0,30-Day Milestone Accelerator,4 Weeks,4,12
RIPPLE_0071,Building My Own Thing,Startup,Mobile App with 10k Downloads,1 Week,Beginner (No prior background),Mon;Wed;Fri,Hard,1,0,Rapid Sprint & Habit Kickoff,7 Days,3,9
RIPPLE_0072,Entrepreneur,Find Investors,Create Investor Pitch Deck & Data Room,6 Months,Intermediate (1-2 years relevant experience),Tue;Thu;Sat;Sun,Intensive,1,1,Comprehensive Mastery & Career Pivot,24 Weeks,4,12
RIPPLE_0073,University Student,Get a Job,Data Analyst,6 Months,Beginner (No prior background),Mon;Wed;Fri;Sat,Easy,0,0,Comprehensive Mastery & Career Pivot,24 Weeks,4,12
RIPPLE_0074,High School,University,Top Tier CS University Admissions,1 Week,"Advanced (3+ years experience, looking to level up)",Mon;Tue;Wed;Thu;Fri;Sat;Sun,Intensive,1,1,Rapid Sprint & Habit Kickoff,7 Days,3,9
RIPPLE_0075,Working,Higher Salary,Target FAANG / Tier 1 Tech Offer,3 Months,"Advanced (3+ years experience, looking to level up)",Mon;Tue;Wed;Thu;Fri;Sat;Sun,Easy,0,0,Quarterly Transformation Roadmap,12 Weeks,4,12
RIPPLE_0076,Entrepreneur,Find Investors,Raise $250k Pre-Seed,3 Months,Beginner (No prior background),Mon;Wed;Fri;Sat,Moderate,1,0,Quarterly Transformation Roadmap,12 Weeks,4,12
RIPPLE_0077,Just Graduated,Find a Job,QA Automation Engineer,6 Months,"Advanced (3+ years experience, looking to level up)",Tue;Thu;Sat;Sun,Intensive,0,0,Comprehensive Mastery & Career Pivot,24 Weeks,4,12
RIPPLE_0078,Just Graduated,Higher Studies,Statement of Purpose & Reference Letters,3 Months,Intermediate (1-2 years relevant experience),Mon;Wed;Fri,Easy,1,0,Quarterly Transformation Roadmap,12 Weeks,4,12
RIPPLE_0079,Working,Grow in My Career,Executive Presence & Tech Lead,1 Month,Beginner (Basic theory / introductory coursework),Mon;Wed;Fri;Sat,Hard,0,0,30-Day Milestone Accelerator,4 Weeks,4,12
RIPPLE_0080,University Student,Higher Studies,Research Fellowship Application,3 Months,Intermediate (1-2 years relevant experience),Sat;Sun,Easy,2,2,Quarterly Transformation Roadmap,12 Weeks,4,12
RIPPLE_0081,University Student,Get a Job,Data Analyst,3 Months,"Advanced (3+ years experience, looking to level up)",Mon;Tue;Wed;Thu;Fri,Hard,0,0,Quarterly Transformation Roadmap,12 Weeks,4,12
RIPPLE_0082,Just Graduated,Freelance,Full-time Freelance Agency,3 Months,"Advanced (3+ years experience, looking to level up)",Mon;Wed;Fri;Sat,Easy,3,1,Quarterly Transformation Roadmap,12 Weeks,4,12
RIPPLE_0083,Working,Better Work-Life Balance,Daily Routine Reset,6 Months,Intermediate (Built 1-2 small projects / self-taught),Tue;Thu;Sat;Sun,Intensive,2,1,Comprehensive Mastery & Career Pivot,24 Weeks,4,12
RIPPLE_0084,Building My Own Thing,Small Business,Local Service Agency Launch,6 Months,"Advanced (3+ years experience, looking to level up)",Sat;Sun,Easy,0,0,Comprehensive Mastery & Career Pivot,24 Weeks,4,12
RIPPLE_0085,High School,Learn a Skill,Python for Data Analysis,1 Week,Intermediate (1-2 years relevant experience),Mon;Wed;Fri,Easy,3,2,Rapid Sprint & Habit Kickoff,7 Days,3,9
RIPPLE_0086,Building My Own Thing,Small Business,E-commerce Brand to $5k MRR,1 Month,Intermediate (Built 1-2 small projects / self-taught),Tue;Thu;Sat;Sun,Moderate,3,1,30-Day Milestone Accelerator,4 Weeks,4,12
RIPPLE_0087,Just Graduated,Higher Studies,Statement of Purpose & Reference Letters,1 Week,"Advanced (3+ years experience, looking to level up)",Mon;Tue;Wed;Thu;Fri,Intensive,1,1,Rapid Sprint & Habit Kickoff,7 Days,3,9
RIPPLE_0088,Building My Own Thing,Startup,Mobile App with 10k Downloads,3 Months,"Advanced (3+ years experience, looking to level up)",Sat;Sun,Hard,0,0,Quarterly Transformation Roadmap,12 Weeks,4,12
RIPPLE_0089,Changing Careers,Switch Industry,Product Management Transition,1 Month,"Advanced (3+ years experience, looking to level up)",Mon;Tue;Wed;Thu;Fri,Moderate,2,2,30-Day Milestone Accelerator,4 Weeks,4,12
RIPPLE_0090,High School,Start Working,Retail / Admin Experience,6 Months,Beginner (Basic theory / introductory coursework),Mon;Tue;Wed;Thu;Fri;Sat;Sun,Intensive,0,0,Comprehensive Mastery & Career Pivot,24 Weeks,4,12
RIPPLE_0091,Working,Higher Salary,Market Benchmark & Negotiation,1 Month,"Advanced (3+ years experience, looking to level up)",Mon;Wed;Fri;Sat,Intensive,3,3,30-Day Milestone Accelerator,4 Weeks,4,12
RIPPLE_0092,University Student,Higher Studies,Research Fellowship Application,1 Week,Intermediate (1-2 years relevant experience),Mon;Tue;Wed;Thu;Fri;Sat;Sun,Easy,3,1,Rapid Sprint & Habit Kickoff,7 Days,3,9
RIPPLE_0093,Working,Higher Salary,Target FAANG / Tier 1 Tech Offer,6 Months,Beginner (No prior background),Mon;Wed;Fri,Hard,3,0,Comprehensive Mastery & Career Pivot,24 Weeks,4,12
RIPPLE_0094,Just Graduated,Freelance,Content Creation & Personal Brand,1 Month,Beginner (No prior background),Mon;Tue;Wed;Thu;Fri,Intensive,0,0,30-Day Milestone Accelerator,4 Weeks,4,12
RIPPLE_0095,Working,Change Careers,Transition to Product Management,3 Months,Beginner (No prior background),Tue;Thu;Sat;Sun,Easy,0,0,Quarterly Transformation Roadmap,12 Weeks,4,12
RIPPLE_0096,High School,Learn a Skill,Python for Data Analysis,6 Months,Beginner (Basic theory / introductory coursework),Mon;Tue;Wed;Thu;Fri;Sat;Sun,Moderate,0,0,Comprehensive Mastery & Career Pivot,24 Weeks,4,12
RIPPLE_0097,Just Graduated,Find a Job,Digital Marketing Specialist,6 Months,"Advanced (3+ years experience, looking to level up)",Sat;Sun,Moderate,1,1,Comprehensive Mastery & Career Pivot,24 Weeks,4,12
RIPPLE_0098,Working,Higher Salary,Market Benchmark & Negotiation,6 Months,Intermediate (Built 1-2 small projects / self-taught),Mon;Tue;Wed;Thu;Fri,Moderate,3,2,Comprehensive Mastery & Career Pivot,24 Weeks,4,12
RIPPLE_0099,Just Graduated,Higher Studies,Scholarship Hunt,1 Week,Beginner (Basic theory / introductory coursework),Mon;Tue;Wed;Thu;Fri;Sat;Sun,Intensive,0,0,Rapid Sprint & Habit Kickoff,7 Days,3,9
RIPPLE_0100,Building My Own Thing,Small Business,E-commerce Brand to $5k MRR,6 Months,Intermediate (Built 1-2 small projects / self-taught),Mon;Tue;Wed;Thu;Fri;Sat;Sun,Easy,0,0,Comprehensive Mastery & Career Pivot,24 Weeks,4,12
RIPPLE_0101,Changing Careers,Learn New Skills,Cloud & DevOps (AWS/Docker),1 Month,"Advanced (3+ years experience, looking to level up)",Mon;Wed;Fri;Sat,Hard,0,0,30-Day Milestone Accelerator,4 Weeks,4,12
RIPPLE_0102,High School,Start Working,Resume & Interview Readiness,1 Month,Beginner (No prior background),Tue;Thu;Sat;Sun,Easy,3,0,30-Day Milestone Accelerator,4 Weeks,4,12
RIPPLE_0103,High School,Learn a Skill,Mobile App Development,6 Months,Beginner (Basic theory / introductory coursework),Mon;Wed;Fri;Sat,Moderate,0,0,Comprehensive Mastery & Career Pivot,24 Weeks,4,12
RIPPLE_0104,High School,University,SAT 1500+ / ACT 34+,6 Months,Intermediate (Built 1-2 small projects / self-taught),Mon;Tue;Wed;Thu;Fri,Hard,3,3,Comprehensive Mastery & Career Pivot,24 Weeks,4,12
RIPPLE_0105,Entrepreneur,Grow My Business,Scale Revenue by 50%,3 Months,"Advanced (3+ years experience, looking to level up)",Sat;Sun,Easy,2,2,Quarterly Transformation Roadmap,12 Weeks,4,12
RIPPLE_0106,Building My Own Thing,Startup,Mobile App with 10k Downloads,1 Week,"Advanced (3+ years experience, looking to level up)",Mon;Tue;Wed;Thu;Fri;Sat;Sun,Hard,1,1,Rapid Sprint & Habit Kickoff,7 Days,3,9
RIPPLE_0107,Building My Own Thing,Small Business,E-commerce Brand to $5k MRR,1 Month,Beginner (No prior background),Tue;Thu;Sat;Sun,Easy,0,0,30-Day Milestone Accelerator,4 Weeks,4,12
RIPPLE_0108,Changing Careers,Switch Industry,Product Management Transition,6 Months,Intermediate (Built 1-2 small projects / self-taught),Mon;Tue;Wed;Thu;Fri;Sat;Sun,Intensive,1,0,Comprehensive Mastery & Career Pivot,24 Weeks,4,12
RIPPLE_0109,Entrepreneur,Grow My Business,Product Hunt Launch to #1 Product of Day,6 Months,Intermediate (Built 1-2 small projects / self-taught),Mon;Wed;Fri,Easy,2,1,Comprehensive Mastery & Career Pivot,24 Weeks,4,12
RIPPLE_0110,Entrepreneur,Grow My Business,Scale Revenue by 50%,3 Months,"Advanced (3+ years experience, looking to level up)",Mon;Tue;Wed;Thu;Fri,Hard,3,3,Quarterly Transformation Roadmap,12 Weeks,4,12
RIPPLE_0111,University Student,Build a Startup,Launch MVP on Campus,1 Month,"Advanced (3+ years experience, looking to level up)",Mon;Tue;Wed;Thu;Fri,Moderate,0,0,30-Day Milestone Accelerator,4 Weeks,4,12
RIPPLE_0112,Just Graduated,Find a Job,Data Analyst,1 Month,"Advanced (3+ years experience, looking to level up)",Tue;Thu;Sat;Sun,Easy,1,1,30-Day Milestone Accelerator,4 Weeks,4,12
RIPPLE_0113,University Student,Get a Job,Frontend Development,1 Week,Intermediate (Built 1-2 small projects / self-taught),Mon;Tue;Wed;Thu;Fri;Sat;Sun,Moderate,2,1,Rapid Sprint & Habit Kickoff,7 Days,3,9
RIPPLE_0114,Just Graduated,Freelance,Content Creation & Personal Brand,1 Week,Beginner (No prior background),Sat;Sun,Intensive,2,1,Rapid Sprint & Habit Kickoff,7 Days,3,9
RIPPLE_0115,Changing Careers,Switch Industry,Data Science Career Pivot,3 Months,Intermediate (1-2 years relevant experience),Mon;Tue;Wed;Thu;Fri,Easy,0,0,Quarterly Transformation Roadmap,12 Weeks,4,12
RIPPLE_0116,Working,Better Work-Life Balance,Daily Routine Reset,1 Week,Intermediate (Built 1-2 small projects / self-taught),Mon;Tue;Wed;Thu;Fri,Moderate,1,1,Rapid Sprint & Habit Kickoff,7 Days,3,9
RIPPLE_0117,Changing Careers,Learn New Skills,Cloud & DevOps (AWS/Docker),6 Months,Beginner (No prior background),Mon;Wed;Fri,Easy,1,1,Comprehensive Mastery & Career Pivot,24 Weeks,4,12
RIPPLE_0118,Working,Higher Salary,Target FAANG / Tier 1 Tech Offer,6 Months,Intermediate (1-2 years relevant experience),Tue;Thu;Sat;Sun,Easy,0,0,Comprehensive Mastery & Career Pivot,24 Weeks,4,12
RIPPLE_0119,Just Graduated,Freelance,Content Creation & Personal Brand,1 Week,Beginner (No prior background),Mon;Tue;Wed;Thu;Fri,Easy,3,0,Rapid Sprint & Habit Kickoff,7 Days,3,9
RIPPLE_0120,Changing Careers,Learn New Skills,Modern Full-Stack Javascript/Python,1 Week,Intermediate (1-2 years relevant experience),Mon;Wed;Fri,Hard,3,2,Rapid Sprint & Habit Kickoff,7 Days,3,9
RIPPLE_0121,Just Graduated,Freelance,Content Creation & Personal Brand,1 Month,Beginner (No prior background),Mon;Tue;Wed;Thu;Fri;Sat;Sun,Hard,2,2,30-Day Milestone Accelerator,4 Weeks,4,12
RIPPLE_0122,Entrepreneur,Find Investors,Create Investor Pitch Deck & Data Room,1 Week,Beginner (Basic theory / introductory coursework),Mon;Wed;Fri,Hard,0,0,Rapid Sprint & Habit Kickoff,7 Days,3,9
RIPPLE_0123,University Student,Higher Studies,Master's in Computer Science,6 Months,Beginner (No prior background),Mon;Wed;Fri,Moderate,0,0,Comprehensive Mastery & Career Pivot,24 Weeks,4,12
RIPPLE_0124,University Student,Higher Studies,Target GPA 3.8+,6 Months,Intermediate (1-2 years relevant experience),Mon;Wed;Fri;Sat,Hard,2,2,Comprehensive Mastery & Career Pivot,24 Weeks,4,12
RIPPLE_0125,Just Graduated,Find a Job,Digital Marketing Specialist,1 Week,Beginner (No prior background),Sat;Sun,Hard,0,0,Rapid Sprint & Habit Kickoff,7 Days,3,9
RIPPLE_0126,High School,University,Scholarship Strategy,1 Week,Intermediate (Built 1-2 small projects / self-taught),Mon;Tue;Wed;Thu;Fri,Intensive,0,0,Rapid Sprint & Habit Kickoff,7 Days,3,9
RIPPLE_0127,Changing Careers,Learn New Skills,Machine Learning Fundamentals,1 Month,Intermediate (1-2 years relevant experience),Mon;Tue;Wed;Thu;Fri,Easy,1,0,30-Day Milestone Accelerator,4 Weeks,4,12
RIPPLE_0128,Entrepreneur,Find Investors,Create Investor Pitch Deck & Data Room,3 Months,Intermediate (Built 1-2 small projects / self-taught),Mon;Tue;Wed;Thu;Fri,Easy,3,3,Quarterly Transformation Roadmap,12 Weeks,4,12
RIPPLE_0129,University Student,Freelance,Earn First $1k Freelancing,1 Week,Intermediate (1-2 years relevant experience),Sat;Sun,Easy,0,0,Rapid Sprint & Habit Kickoff,7 Days,3,9
RIPPLE_0130,Entrepreneur,Grow My Business,Product Hunt Launch to #1 Product of Day,6 Months,"Advanced (3+ years experience, looking to level up)",Mon;Wed;Fri,Intensive,3,0,Comprehensive Mastery & Career Pivot,24 Weeks,4,12
RIPPLE_0131,High School,University,Scholarship Strategy,6 Months,Intermediate (Built 1-2 small projects / self-taught),Sat;Sun,Easy,0,0,Comprehensive Mastery & Career Pivot,24 Weeks,4,12
RIPPLE_0132,Just Graduated,Higher Studies,Statement of Purpose & Reference Letters,6 Months,"Advanced (3+ years experience, looking to level up)",Sat;Sun,Easy,2,1,Comprehensive Mastery & Career Pivot,24 Weeks,4,12
RIPPLE_0133,University Student,Get a Job,UI/UX Design,1 Month,Intermediate (Built 1-2 small projects / self-taught),Mon;Wed;Fri,Hard,1,0,30-Day Milestone Accelerator,4 Weeks,4,12
RIPPLE_0134,Just Graduated,Higher Studies,Graduate School Applications,1 Month,"Advanced (3+ years experience, looking to level up)",Mon;Wed;Fri,Moderate,0,0,30-Day Milestone Accelerator,4 Weeks,4,12
RIPPLE_0135,Just Graduated,Freelance,Content Creation & Personal Brand,6 Months,"Advanced (3+ years experience, looking to level up)",Mon;Wed;Fri,Intensive,2,1,Comprehensive Mastery & Career Pivot,24 Weeks,4,12
RIPPLE_0136,Working,Better Work-Life Balance,Deep Work Systems & Burnout Recovery,3 Months,"Advanced (3+ years experience, looking to level up)",Tue;Thu;Sat;Sun,Easy,0,0,Quarterly Transformation Roadmap,12 Weeks,4,12
RIPPLE_0137,High School,Learn a Skill,Python for Data Analysis,1 Week,Beginner (No prior background),Tue;Thu;Sat;Sun,Hard,0,0,Rapid Sprint & Habit Kickoff,7 Days,3,9
RIPPLE_0138,Building My Own Thing,Startup,AI Micro-SaaS Launch,6 Months,Intermediate (1-2 years relevant experience),Sat;Sun,Easy,1,1,Comprehensive Mastery & Career Pivot,24 Weeks,4,12
RIPPLE_0139,University Student,Freelance,Top Rated Freelancer on Upwork,3 Months,Beginner (No prior background),Mon;Tue;Wed;Thu;Fri,Moderate,1,1,Quarterly Transformation Roadmap,12 Weeks,4,12
RIPPLE_0140,High School,Learn a Skill,Python for Data Analysis,6 Months,Intermediate (1-2 years relevant experience),Mon;Wed;Fri,Hard,0,0,Comprehensive Mastery & Career Pivot,24 Weeks,4,12
RIPPLE_0141,Entrepreneur,Grow My Business,Scale Revenue by 50%,3 Months,Beginner (No prior background),Tue;Thu;Sat;Sun,Intensive,0,0,Quarterly Transformation Roadmap,12 Weeks,4,12
RIPPLE_0142,High School,University,Scholarship Strategy,1 Month,Intermediate (Built 1-2 small projects / self-taught),Mon;Wed;Fri,Hard,3,3,30-Day Milestone Accelerator,4 Weeks,4,12
RIPPLE_0143,Building My Own Thing,Startup,AI Micro-SaaS Launch,6 Months,"Advanced (3+ years experience, looking to level up)",Mon;Tue;Wed;Thu;Fri,Hard,2,0,Comprehensive Mastery & Career Pivot,24 Weeks,4,12
RIPPLE_0144,High School,Learn a Skill,Full-Stack Web Basics,1 Month,Beginner (Basic theory / introductory coursework),Mon;Tue;Wed;Thu;Fri,Moderate,2,2,30-Day Milestone Accelerator,4 Weeks,4,12
RIPPLE_0145,Entrepreneur,Find Investors,Create Investor Pitch Deck & Data Room,1 Month,Beginner (Basic theory / introductory coursework),Mon;Wed;Fri,Moderate,1,0,30-Day Milestone Accelerator,4 Weeks,4,12
RIPPLE_0146,Working,Higher Salary,Market Benchmark & Negotiation,6 Months,"Advanced (3+ years experience, looking to level up)",Mon;Wed;Fri,Hard,0,0,Comprehensive Mastery & Career Pivot,24 Weeks,4,12
RIPPLE_0147,High School,Learn a Skill,Full-Stack Web Basics,3 Months,"Advanced (3+ years experience, looking to level up)",Sat;Sun,Intensive,2,2,Quarterly Transformation Roadmap,12 Weeks,4,12
RIPPLE_0148,Entrepreneur,Find Investors,Raise $250k Pre-Seed,3 Months,Beginner (No prior background),Tue;Thu;Sat;Sun,Intensive,0,0,Quarterly Transformation Roadmap,12 Weeks,4,12
RIPPLE_0149,Building My Own Thing,Startup,Mobile App with 10k Downloads,1 Week,Beginner (Basic theory / introductory coursework),Sat;Sun,Hard,1,0,Rapid Sprint & Habit Kickoff,7 Days,3,9
RIPPLE_0150,Just Graduated,Higher Studies,Scholarship Hunt,1 Week,Intermediate (1-2 years relevant experience),Sat;Sun,Easy,2,0,Rapid Sprint & Habit Kickoff,7 Days,3,9
RIPPLE_0151,High School,University,Top Tier CS University Admissions,3 Months,Beginner (No prior background),Mon;Wed;Fri;Sat,Hard,1,1,Quarterly Transformation Roadmap,12 Weeks,4,12
RIPPLE_0152,Building My Own Thing,Startup,AI Micro-SaaS Launch,6 Months,Intermediate (1-2 years relevant experience),Mon;Tue;Wed;Thu;Fri,Easy,0,0,Comprehensive Mastery & Career Pivot,24 Weeks,4,12
RIPPLE_0153,High School,University,Top Tier CS University Admissions,6 Months,Beginner (No prior background),Mon;Wed;Fri;Sat,Hard,2,0,Comprehensive Mastery & Career Pivot,24 Weeks,4,12
RIPPLE_0154,Working,Better Work-Life Balance,Daily Routine Reset,1 Week,Intermediate (1-2 years relevant experience),Mon;Wed;Fri,Easy,1,1,Rapid Sprint & Habit Kickoff,7 Days,3,9
RIPPLE_0155,University Student,Build a Startup,Launch MVP on Campus,6 Months,Beginner (Basic theory / introductory coursework),Mon;Tue;Wed;Thu;Fri;Sat;Sun,Easy,2,2,Comprehensive Mastery & Career Pivot,24 Weeks,4,12
RIPPLE_0156,Entrepreneur,Grow My Business,Scale Revenue by 50%,6 Months,Intermediate (Built 1-2 small projects / self-taught),Mon;Wed;Fri,Hard,0,0,Comprehensive Mastery & Career Pivot,24 Weeks,4,12
RIPPLE_0157,High School,University,SAT 1500+ / ACT 34+,1 Month,Beginner (No prior background),Mon;Wed;Fri;Sat,Hard,0,0,30-Day Milestone Accelerator,4 Weeks,4,12
RIPPLE_0158,High School,Start Working,Retail / Admin Experience,1 Month,Intermediate (1-2 years relevant experience),Mon;Wed;Fri,Intensive,1,0,30-Day Milestone Accelerator,4 Weeks,4,12
RIPPLE_0159,Building My Own Thing,Small Business,E-commerce Brand to $5k MRR,3 Months,Beginner (Basic theory / introductory coursework),Mon;Wed;Fri;Sat,Easy,0,0,Quarterly Transformation Roadmap,12 Weeks,4,12
RIPPLE_0160,High School,Learn a Skill,Mobile App Development,6 Months,"Advanced (3+ years experience, looking to level up)",Tue;Thu;Sat;Sun,Intensive,0,0,Comprehensive Mastery & Career Pivot,24 Weeks,4,12
RIPPLE_0161,Entrepreneur,Find Investors,Create Investor Pitch Deck & Data Room,3 Months,Beginner (No prior background),Tue;Thu;Sat;Sun,Hard,0,0,Quarterly Transformation Roadmap,12 Weeks,4,12
RIPPLE_0162,Entrepreneur,Grow My Business,Hire First 3 Core Engineers,6 Months,Intermediate (1-2 years relevant experience),Tue;Thu;Sat;Sun,Intensive,1,1,Comprehensive Mastery & Career Pivot,24 Weeks,4,12
RIPPLE_0163,Entrepreneur,Grow My Business,Scale Revenue by 50%,6 Months,Beginner (No prior background),Mon;Tue;Wed;Thu;Fri;Sat;Sun,Intensive,1,1,Comprehensive Mastery & Career Pivot,24 Weeks,4,12
RIPPLE_0164,University Student,Get a Job,Backend Development,3 Months,Intermediate (Built 1-2 small projects / self-taught),Mon;Tue;Wed;Thu;Fri;Sat;Sun,Intensive,3,3,Quarterly Transformation Roadmap,12 Weeks,4,12
RIPPLE_0165,High School,Start Working,Entry-level Internship,1 Week,Intermediate (1-2 years relevant experience),Mon;Tue;Wed;Thu;Fri;Sat;Sun,Hard,1,0,Rapid Sprint & Habit Kickoff,7 Days,3,9
RIPPLE_0166,Entrepreneur,Grow My Business,Scale Revenue by 50%,1 Month,Beginner (No prior background),Mon;Wed;Fri,Moderate,2,2,30-Day Milestone Accelerator,4 Weeks,4,12
RIPPLE_0167,Building My Own Thing,Small Business,Local Service Agency Launch,3 Months,Intermediate (1-2 years relevant experience),Mon;Tue;Wed;Thu;Fri;Sat;Sun,Easy,1,1,Quarterly Transformation Roadmap,12 Weeks,4,12
RIPPLE_0168,High School,Start Working,Retail / Admin Experience,1 Month,Beginner (No prior background),Mon;Wed;Fri,Easy,1,1,30-Day Milestone Accelerator,4 Weeks,4,12
RIPPLE_0169,High School,Learn a Skill,Mobile App Development,6 Months,Beginner (Basic theory / introductory coursework),Mon;Wed;Fri,Hard,3,0,Comprehensive Mastery & Career Pivot,24 Weeks,4,12
RIPPLE_0170,Working,Change Careers,Transition to Product Management,6 Months,Beginner (No prior background),Mon;Wed;Fri,Hard,2,2,Comprehensive Mastery & Career Pivot,24 Weeks,4,12
RIPPLE_0171,Entrepreneur,Find Investors,Raise $250k Pre-Seed,3 Months,"Advanced (3+ years experience, looking to level up)",Mon;Tue;Wed;Thu;Fri,Moderate,1,0,Quarterly Transformation Roadmap,12 Weeks,4,12
RIPPLE_0172,Entrepreneur,Grow My Business,Scale Revenue by 50%,3 Months,"Advanced (3+ years experience, looking to level up)",Sat;Sun,Hard,0,0,Quarterly Transformation Roadmap,12 Weeks,4,12
RIPPLE_0173,University Student,Get a Job,Backend Development,6 Months,Intermediate (1-2 years relevant experience),Sat;Sun,Intensive,0,0,Comprehensive Mastery & Career Pivot,24 Weeks,4,12
RIPPLE_0174,Just Graduated,Higher Studies,Statement of Purpose & Reference Letters,1 Week,Intermediate (1-2 years relevant experience),Mon;Wed;Fri,Intensive,2,2,Rapid Sprint & Habit Kickoff,7 Days,3,9
RIPPLE_0175,Working,Grow in My Career,Promotion to Senior Engineer,1 Month,Intermediate (Built 1-2 small projects / self-taught),Mon;Wed;Fri;Sat,Moderate,2,2,30-Day Milestone Accelerator,4 Weeks,4,12
RIPPLE_0176,High School,University,Scholarship Strategy,3 Months,Beginner (Basic theory / introductory coursework),Mon;Tue;Wed;Thu;Fri;Sat;Sun,Hard,0,0,Quarterly Transformation Roadmap,12 Weeks,4,12
RIPPLE_0177,Changing Careers,Switch Industry,Data Science Career Pivot,1 Month,Beginner (Basic theory / introductory coursework),Mon;Tue;Wed;Thu;Fri;Sat;Sun,Hard,0,0,30-Day Milestone Accelerator,4 Weeks,4,12
RIPPLE_0178,Entrepreneur,Find Investors,Raise $250k Pre-Seed,1 Week,"Advanced (3+ years experience, looking to level up)",Mon;Wed;Fri,Hard,0,0,Rapid Sprint & Habit Kickoff,7 Days,3,9
RIPPLE_0179,Working,Grow in My Career,Lead Cross-Functional Team,3 Months,Intermediate (Built 1-2 small projects / self-taught),Mon;Wed;Fri;Sat,Intensive,3,0,Quarterly Transformation Roadmap,12 Weeks,4,12
RIPPLE_0180,Just Graduated,Higher Studies,Scholarship Hunt,6 Months,Intermediate (1-2 years relevant experience),Tue;Thu;Sat;Sun,Moderate,1,1,Comprehensive Mastery & Career Pivot,24 Weeks,4,12
RIPPLE_0181,Working,Change Careers,Transition from QA to Dev,1 Week,Intermediate (Built 1-2 small projects / self-taught),Sat;Sun,Moderate,0,0,Rapid Sprint & Habit Kickoff,7 Days,3,9
RIPPLE_0182,High School,Learn a Skill,Full-Stack Web Basics,1 Month,Beginner (No prior background),Tue;Thu;Sat;Sun,Easy,0,0,30-Day Milestone Accelerator,4 Weeks,4,12
RIPPLE_0183,Entrepreneur,Find Investors,Create Investor Pitch Deck & Data Room,3 Months,Beginner (Basic theory / introductory coursework),Sat;Sun,Moderate,0,0,Quarterly Transformation Roadmap,12 Weeks,4,12
RIPPLE_0184,University Student,Get a Job,Data Analyst,6 Months,Beginner (Basic theory / introductory coursework),Mon;Tue;Wed;Thu;Fri;Sat;Sun,Moderate,0,0,Comprehensive Mastery & Career Pivot,24 Weeks,4,12
RIPPLE_0185,High School,Learn a Skill,Mobile App Development,6 Months,Intermediate (Built 1-2 small projects / self-taught),Mon;Tue;Wed;Thu;Fri,Easy,3,3,Comprehensive Mastery & Career Pivot,24 Weeks,4,12
RIPPLE_0186,University Student,Higher Studies,Research Fellowship Application,3 Months,Beginner (No prior background),Mon;Tue;Wed;Thu;Fri;Sat;Sun,Intensive,3,1,Quarterly Transformation Roadmap,12 Weeks,4,12
RIPPLE_0187,Working,Higher Salary,Target FAANG / Tier 1 Tech Offer,3 Months,Beginner (Basic theory / introductory coursework),Mon;Tue;Wed;Thu;Fri;Sat;Sun,Moderate,0,0,Quarterly Transformation Roadmap,12 Weeks,4,12
RIPPLE_0188,University Student,Higher Studies,Research Fellowship Application,6 Months,"Advanced (3+ years experience, looking to level up)",Mon;Wed;Fri;Sat,Intensive,1,1,Comprehensive Mastery & Career Pivot,24 Weeks,4,12
RIPPLE_0189,Working,Higher Salary,Target FAANG / Tier 1 Tech Offer,6 Months,"Advanced (3+ years experience, looking to level up)",Sat;Sun,Hard,0,0,Comprehensive Mastery & Career Pivot,24 Weeks,4,12
RIPPLE_0190,High School,Learn a Skill,Mobile App Development,1 Week,Intermediate (1-2 years relevant experience),Mon;Wed;Fri,Hard,0,0,Rapid Sprint & Habit Kickoff,7 Days,3,9
RIPPLE_0191,Changing Careers,Learn New Skills,Cloud & DevOps (AWS/Docker),1 Month,Beginner (No prior background),Mon;Wed;Fri;Sat,Intensive,3,0,30-Day Milestone Accelerator,4 Weeks,4,12
RIPPLE_0192,Just Graduated,Find a Job,QA Automation Engineer,3 Months,Intermediate (1-2 years relevant experience),Sat;Sun,Moderate,1,1,Quarterly Transformation Roadmap,12 Weeks,4,12
RIPPLE_0193,Building My Own Thing,Startup,AI Micro-SaaS Launch,1 Month,"Advanced (3+ years experience, looking to level up)",Mon;Wed;Fri,Hard,3,1,30-Day Milestone Accelerator,4 Weeks,4,12
RIPPLE_0194,Changing Careers,Learn New Skills,Modern Full-Stack Javascript/Python,3 Months,Intermediate (Built 1-2 small projects / self-taught),Mon;Wed;Fri;Sat,Intensive,1,1,Quarterly Transformation Roadmap,12 Weeks,4,12
RIPPLE_0195,High School,Learn a Skill,Mobile App Development,1 Month,Intermediate (1-2 years relevant experience),Sat;Sun,Hard,2,1,30-Day Milestone Accelerator,4 Weeks,4,12
RIPPLE_0196,Changing Careers,Learn New Skills,Cloud & DevOps (AWS/Docker),3 Months,Beginner (Basic theory / introductory coursework),Mon;Tue;Wed;Thu;Fri,Hard,2,1,Quarterly Transformation Roadmap,12 Weeks,4,12
RIPPLE_0197,Building My Own Thing,Small Business,E-commerce Brand to $5k MRR,1 Month,"Advanced (3+ years experience, looking to level up)",Mon;Tue;Wed;Thu;Fri;Sat;Sun,Hard,2,2,30-Day Milestone Accelerator,4 Weeks,4,12
RIPPLE_0198,University Student,Higher Studies,Master's in Computer Science,1 Week,Beginner (No prior background),Tue;Thu;Sat;Sun,Intensive,3,1,Rapid Sprint & Habit Kickoff,7 Days,3,9
RIPPLE_0199,Building My Own Thing,Small Business,Local Service Agency Launch,1 Month,Intermediate (Built 1-2 small projects / self-taught),Tue;Thu;Sat;Sun,Hard,0,0,30-Day Milestone Accelerator,4 Weeks,4,12
RIPPLE_0200,Entrepreneur,Find Investors,Raise $250k Pre-Seed,1 Week,Beginner (Basic theory / introductory coursework),Mon;Wed;Fri;Sat,Intensive,0,0,Rapid Sprint & Habit Kickoff,7 Days,3,9
RIPPLE_0201,Entrepreneur,Grow My Business,Hire First 3 Core Engineers,1 Month,Intermediate (Built 1-2 small projects / self-taught),Mon;Tue;Wed;Thu;Fri,Easy,0,0,30-Day Milestone Accelerator,4 Weeks,4,12
RIPPLE_0202,High School,Learn a Skill,Python for Data Analysis,6 Months,Beginner (Basic theory / introductory coursework),Tue;Thu;Sat;Sun,Intensive,1,1,Comprehensive Mastery & Career Pivot,24 Weeks,4,12
RIPPLE_0203,Building My Own Thing,Small Business,Local Service Agency Launch,1 Month,Beginner (No prior background),Tue;Thu;Sat;Sun,Hard,1,1,30-Day Milestone Accelerator,4 Weeks,4,12
RIPPLE_0204,Changing Careers,Learn New Skills,Machine Learning Fundamentals,6 Months,Beginner (No prior background),Mon;Wed;Fri;Sat,Moderate,3,2,Comprehensive Mastery & Career Pivot,24 Weeks,4,12
RIPPLE_0205,Working,Higher Salary,Target FAANG / Tier 1 Tech Offer,3 Months,"Advanced (3+ years experience, looking to level up)",Tue;Thu;Sat;Sun,Easy,2,2,Quarterly Transformation Roadmap,12 Weeks,4,12
RIPPLE_0206,High School,University,SAT 1500+ / ACT 34+,3 Months,Beginner (No prior background),Tue;Thu;Sat;Sun,Hard,1,0,Quarterly Transformation Roadmap,12 Weeks,4,12
RIPPLE_0207,Working,Change Careers,Transition from QA to Dev,3 Months,Intermediate (1-2 years relevant experience),Mon;Tue;Wed;Thu;Fri;Sat;Sun,Intensive,1,0,Quarterly Transformation Roadmap,12 Weeks,4,12
RIPPLE_0208,Changing Careers,Learn New Skills,Modern Full-Stack Javascript/Python,3 Months,Beginner (No prior background),Mon;Tue;Wed;Thu;Fri,Easy,0,0,Quarterly Transformation Roadmap,12 Weeks,4,12
RIPPLE_0209,Changing Careers,Switch Industry,Software Engineering Bootcamp to Job,3 Months,"Advanced (3+ years experience, looking to level up)",Mon;Tue;Wed;Thu;Fri,Intensive,0,0,Quarterly Transformation Roadmap,12 Weeks,4,12
RIPPLE_0210,Working,Grow in My Career,Executive Presence & Tech Lead,6 Months,Beginner (No prior background),Mon;Wed;Fri;Sat,Intensive,0,0,Comprehensive Mastery & Career Pivot,24 Weeks,4,12
RIPPLE_0211,Building My Own Thing,Small Business,E-commerce Brand to $5k MRR,6 Months,Intermediate (Built 1-2 small projects / self-taught),Mon;Wed;Fri,Easy,0,0,Comprehensive Mastery & Career Pivot,24 Weeks,4,12
RIPPLE_0212,University Student,Get a Job,Data Analyst,3 Months,Beginner (No prior background),Mon;Tue;Wed;Thu;Fri,Easy,3,1,Quarterly Transformation Roadmap,12 Weeks,4,12
RIPPLE_0213,Entrepreneur,Grow My Business,Hire First 3 Core Engineers,6 Months,Intermediate (1-2 years relevant experience),Sat;Sun,Intensive,0,0,Comprehensive Mastery & Career Pivot,24 Weeks,4,12
RIPPLE_0214,Building My Own Thing,Startup,AI Micro-SaaS Launch,3 Months,Beginner (No prior background),Mon;Tue;Wed;Thu;Fri;Sat;Sun,Moderate,3,0,Quarterly Transformation Roadmap,12 Weeks,4,12
RIPPLE_0215,Entrepreneur,Find Investors,Create Investor Pitch Deck & Data Room,6 Months,"Advanced (3+ years experience, looking to level up)",Mon;Tue;Wed;Thu;Fri;Sat;Sun,Intensive,0,0,Comprehensive Mastery & Career Pivot,24 Weeks,4,12
RIPPLE_0216,High School,University,SAT 1500+ / ACT 34+,1 Month,Beginner (No prior background),Mon;Wed;Fri,Easy,0,0,30-Day Milestone Accelerator,4 Weeks,4,12
RIPPLE_0217,Just Graduated,Find a Job,Entry Level Software Engineer,1 Week,Intermediate (1-2 years relevant experience),Mon;Wed;Fri;Sat,Easy,0,0,Rapid Sprint & Habit Kickoff,7 Days,3,9
RIPPLE_0218,Working,Better Work-Life Balance,Daily Routine Reset,1 Month,Beginner (No prior background),Mon;Tue;Wed;Thu;Fri;Sat;Sun,Moderate,2,2,30-Day Milestone Accelerator,4 Weeks,4,12
RIPPLE_0219,High School,University,Scholarship Strategy,1 Month,Intermediate (1-2 years relevant experience),Tue;Thu;Sat;Sun,Hard,0,0,30-Day Milestone Accelerator,4 Weeks,4,12
RIPPLE_0220,Changing Careers,Switch Industry,Data Science Career Pivot,6 Months,"Advanced (3+ years experience, looking to level up)",Mon;Tue;Wed;Thu;Fri,Intensive,2,1,Comprehensive Mastery & Career Pivot,24 Weeks,4,12
RIPPLE_0221,Working,Change Careers,Transition from QA to Dev,6 Months,Beginner (Basic theory / introductory coursework),Mon;Wed;Fri;Sat,Intensive,1,0,Comprehensive Mastery & Career Pivot,24 Weeks,4,12
RIPPLE_0222,Entrepreneur,Grow My Business,Scale Revenue by 50%,6 Months,Intermediate (1-2 years relevant experience),Sat;Sun,Moderate,1,0,Comprehensive Mastery & Career Pivot,24 Weeks,4,12
RIPPLE_0223,High School,Start Working,Entry-level Internship,6 Months,Intermediate (Built 1-2 small projects / self-taught),Mon;Tue;Wed;Thu;Fri;Sat;Sun,Easy,1,1,Comprehensive Mastery & Career Pivot,24 Weeks,4,12
RIPPLE_0224,Building My Own Thing,Startup,B2B SaaS to First 10 Customers,1 Month,"Advanced (3+ years experience, looking to level up)",Sat;Sun,Moderate,1,1,30-Day Milestone Accelerator,4 Weeks,4,12
RIPPLE_0225,Just Graduated,Find a Job,Entry Level Software Engineer,6 Months,Beginner (Basic theory / introductory coursework),Sat;Sun,Moderate,1,1,Comprehensive Mastery & Career Pivot,24 Weeks,4,12
RIPPLE_0226,Working,Better Work-Life Balance,Deep Work Systems & Burnout Recovery,3 Months,Intermediate (Built 1-2 small projects / self-taught),Mon;Tue;Wed;Thu;Fri;Sat;Sun,Hard,0,0,Quarterly Transformation Roadmap,12 Weeks,4,12
RIPPLE_0227,Entrepreneur,Grow My Business,Scale Revenue by 50%,3 Months,Intermediate (Built 1-2 small projects / self-taught),Mon;Tue;Wed;Thu;Fri,Intensive,1,0,Quarterly Transformation Roadmap,12 Weeks,4,12
RIPPLE_0228,High School,Start Working,Resume & Interview Readiness,6 Months,Intermediate (Built 1-2 small projects / self-taught),Mon;Wed;Fri;Sat,Moderate,2,2,Comprehensive Mastery & Career Pivot,24 Weeks,4,12
RIPPLE_0229,Changing Careers,Learn New Skills,Cloud & DevOps (AWS/Docker),6 Months,Intermediate (1-2 years relevant experience),Mon;Wed;Fri;Sat,Intensive,0,0,Comprehensive Mastery & Career Pivot,24 Weeks,4,12
RIPPLE_0230,Building My Own Thing,Small Business,E-commerce Brand to $5k MRR,1 Week,"Advanced (3+ years experience, looking to level up)",Mon;Tue;Wed;Thu;Fri,Easy,0,0,Rapid Sprint & Habit Kickoff,7 Days,3,9
RIPPLE_0231,Entrepreneur,Find Investors,Create Investor Pitch Deck & Data Room,1 Month,Beginner (Basic theory / introductory coursework),Mon;Wed;Fri,Easy,1,0,30-Day Milestone Accelerator,4 Weeks,4,12
RIPPLE_0232,Changing Careers,Learn New Skills,Cloud & DevOps (AWS/Docker),1 Week,"Advanced (3+ years experience, looking to level up)",Mon;Wed;Fri,Intensive,0,0,Rapid Sprint & Habit Kickoff,7 Days,3,9
RIPPLE_0233,University Student,Get a Job,UI/UX Design,3 Months,"Advanced (3+ years experience, looking to level up)",Mon;Tue;Wed;Thu;Fri,Hard,3,1,Quarterly Transformation Roadmap,12 Weeks,4,12
RIPPLE_0234,Just Graduated,Freelance,Content Creation & Personal Brand,3 Months,Intermediate (Built 1-2 small projects / self-taught),Mon;Tue;Wed;Thu;Fri,Intensive,2,2,Quarterly Transformation Roadmap,12 Weeks,4,12
RIPPLE_0235,High School,Start Working,Entry-level Internship,1 Week,Beginner (No prior background),Sat;Sun,Intensive,3,0,Rapid Sprint & Habit Kickoff,7 Days,3,9
RIPPLE_0236,Building My Own Thing,Startup,B2B SaaS to First 10 Customers,6 Months,Intermediate (1-2 years relevant experience),Mon;Tue;Wed;Thu;Fri;Sat;Sun,Hard,0,0,Comprehensive Mastery & Career Pivot,24 Weeks,4,12
RIPPLE_0237,Changing Careers,Switch Industry,Software Engineering Bootcamp to Job,1 Month,"Advanced (3+ years experience, looking to level up)",Tue;Thu;Sat;Sun,Intensive,0,0,30-Day Milestone Accelerator,4 Weeks,4,12
RIPPLE_0238,University Student,Build a Startup,Apply to YC / Student Incubator,1 Week,Beginner (Basic theory / introductory coursework),Mon;Tue;Wed;Thu;Fri,Hard,0,0,Rapid Sprint & Habit Kickoff,7 Days,3,9
RIPPLE_0239,Just Graduated,Freelance,Content Creation & Personal Brand,1 Week,Intermediate (Built 1-2 small projects / self-taught),Mon;Tue;Wed;Thu;Fri;Sat;Sun,Moderate,0,0,Rapid Sprint & Habit Kickoff,7 Days,3,9
RIPPLE_0240,Entrepreneur,Grow My Business,Product Hunt Launch to #1 Product of Day,3 Months,Intermediate (1-2 years relevant experience),Mon;Wed;Fri,Moderate,0,0,Quarterly Transformation Roadmap,12 Weeks,4,12
RIPPLE_0241,Changing Careers,Learn New Skills,Machine Learning Fundamentals,1 Week,Intermediate (1-2 years relevant experience),Mon;Tue;Wed;Thu;Fri,Moderate,0,0,Rapid Sprint & Habit Kickoff,7 Days,3,9
RIPPLE_0242,Entrepreneur,Grow My Business,Scale Revenue by 50%,3 Months,Intermediate (1-2 years relevant experience),Mon;Wed;Fri;Sat,Intensive,2,1,Quarterly Transformation Roadmap,12 Weeks,4,12
RIPPLE_0243,Building My Own Thing,Small Business,E-commerce Brand to $5k MRR,3 Months,Beginner (Basic theory / introductory coursework),Mon;Tue;Wed;Thu;Fri,Easy,2,2,Quarterly Transformation Roadmap,12 Weeks,4,12
RIPPLE_0244,High School,Learn a Skill,Full-Stack Web Basics,1 Week,Beginner (No prior background),Sat;Sun,Hard,2,0,Rapid Sprint & Habit Kickoff,7 Days,3,9
RIPPLE_0245,University Student,Higher Studies,Target GPA 3.8+,6 Months,"Advanced (3+ years experience, looking to level up)",Mon;Tue;Wed;Thu;Fri,Intensive,0,0,Comprehensive Mastery & Career Pivot,24 Weeks,4,12
RIPPLE_0246,University Student,Build a Startup,Apply to YC / Student Incubator,1 Week,"Advanced (3+ years experience, looking to level up)",Sat;Sun,Hard,0,0,Rapid Sprint & Habit Kickoff,7 Days,3,9
RIPPLE_0247,High School,Learn a Skill,Python for Data Analysis,1 Week,"Advanced (3+ years experience, looking to level up)",Mon;Tue;Wed;Thu;Fri;Sat;Sun,Moderate,1,0,Rapid Sprint & Habit Kickoff,7 Days,3,9
RIPPLE_0248,Just Graduated,Higher Studies,Scholarship Hunt,3 Months,Intermediate (1-2 years relevant experience),Mon;Tue;Wed;Thu;Fri,Moderate,1,1,Quarterly Transformation Roadmap,12 Weeks,4,12
RIPPLE_0249,High School,Learn a Skill,Full-Stack Web Basics,3 Months,Intermediate (Built 1-2 small projects / self-taught),Mon;Wed;Fri,Moderate,0,0,Quarterly Transformation Roadmap,12 Weeks,4,12
RIPPLE_0250,University Student,Higher Studies,Research Fellowship Application,1 Week,Intermediate (1-2 years relevant experience),Mon;Tue;Wed;Thu;Fri;Sat;Sun,Hard,0,0,Rapid Sprint & Habit Kickoff,7 Days,3,9
RIPPLE_0251,Working,Change Careers,Transition from QA to Dev,3 Months,"Advanced (3+ years experience, looking to level up)",Sat;Sun,Moderate,2,1,Quarterly Transformation Roadmap,12 Weeks,4,12
RIPPLE_0252,Building My Own Thing,Small Business,E-commerce Brand to $5k MRR,3 Months,Intermediate (1-2 years relevant experience),Sat;Sun,Hard,2,2,Quarterly Transformation Roadmap,12 Weeks,4,12
RIPPLE_0253,Building My Own Thing,Small Business,E-commerce Brand to $5k MRR,6 Months,Intermediate (Built 1-2 small projects / self-taught),Sat;Sun,Easy,3,2,Comprehensive Mastery & Career Pivot,24 Weeks,4,12
RIPPLE_0254,Building My Own Thing,Small Business,Local Service Agency Launch,1 Week,Intermediate (1-2 years relevant experience),Mon;Tue;Wed;Thu;Fri;Sat;Sun,Intensive,0,0,Rapid Sprint & Habit Kickoff,7 Days,3,9
RIPPLE_0255,Changing Careers,Switch Industry,Product Management Transition,1 Week,Beginner (No prior background),Mon;Wed;Fri,Moderate,2,2,Rapid Sprint & Habit Kickoff,7 Days,3,9
RIPPLE_0256,Entrepreneur,Grow My Business,Scale Revenue by 50%,1 Week,Beginner (No prior background),Mon;Wed;Fri;Sat,Hard,1,1,Rapid Sprint & Habit Kickoff,7 Days,3,9
RIPPLE_0257,Working,Change Careers,Transition from QA to Dev,1 Week,Intermediate (1-2 years relevant experience),Tue;Thu;Sat;Sun,Easy,0,0,Rapid Sprint & Habit Kickoff,7 Days,3,9
RIPPLE_0258,High School,Learn a Skill,Python for Data Analysis,6 Months,Beginner (Basic theory / introductory coursework),Tue;Thu;Sat;Sun,Intensive,3,2,Comprehensive Mastery & Career Pivot,24 Weeks,4,12
RIPPLE_0259,University Student,Get a Job,Software Engineering,3 Months,Beginner (No prior background),Mon;Wed;Fri,Moderate,1,0,Quarterly Transformation Roadmap,12 Weeks,4,12
RIPPLE_0260,Changing Careers,Switch Industry,Product Management Transition,6 Months,Intermediate (1-2 years relevant experience),Sat;Sun,Moderate,1,1,Comprehensive Mastery & Career Pivot,24 Weeks,4,12
RIPPLE_0261,University Student,Higher Studies,Target GPA 3.8+,6 Months,Intermediate (1-2 years relevant experience),Mon;Wed;Fri,Easy,1,1,Comprehensive Mastery & Career Pivot,24 Weeks,4,12
RIPPLE_0262,Changing Careers,Switch Industry,Data Science Career Pivot,1 Month,Intermediate (Built 1-2 small projects / self-taught),Mon;Wed;Fri;Sat,Hard,3,2,30-Day Milestone Accelerator,4 Weeks,4,12
RIPPLE_0263,Changing Careers,Learn New Skills,Modern Full-Stack Javascript/Python,1 Week,Intermediate (Built 1-2 small projects / self-taught),Sat;Sun,Hard,1,0,Rapid Sprint & Habit Kickoff,7 Days,3,9
RIPPLE_0264,Building My Own Thing,Startup,Mobile App with 10k Downloads,1 Week,Beginner (Basic theory / introductory coursework),Mon;Tue;Wed;Thu;Fri,Hard,1,0,Rapid Sprint & Habit Kickoff,7 Days,3,9
RIPPLE_0265,Changing Careers,Learn New Skills,Cloud & DevOps (AWS/Docker),1 Month,"Advanced (3+ years experience, looking to level up)",Sat;Sun,Intensive,1,0,30-Day Milestone Accelerator,4 Weeks,4,12
RIPPLE_0266,Changing Careers,Switch Industry,Product Management Transition,3 Months,Beginner (Basic theory / introductory coursework),Tue;Thu;Sat;Sun,Moderate,0,0,Quarterly Transformation Roadmap,12 Weeks,4,12
RIPPLE_0267,University Student,Freelance,Top Rated Freelancer on Upwork,1 Month,Intermediate (1-2 years relevant experience),Sat;Sun,Intensive,3,1,30-Day Milestone Accelerator,4 Weeks,4,12
RIPPLE_0268,Changing Careers,Switch Industry,Software Engineering Bootcamp to Job,3 Months,Beginner (No prior background),Mon;Wed;Fri;Sat,Hard,2,2,Quarterly Transformation Roadmap,12 Weeks,4,12
RIPPLE_0269,Changing Careers,Switch Industry,Product Management Transition,3 Months,"Advanced (3+ years experience, looking to level up)",Mon;Wed;Fri,Easy,3,0,Quarterly Transformation Roadmap,12 Weeks,4,12
RIPPLE_0270,Building My Own Thing,Startup,Mobile App with 10k Downloads,1 Week,Intermediate (1-2 years relevant experience),Tue;Thu;Sat;Sun,Hard,0,0,Rapid Sprint & Habit Kickoff,7 Days,3,9
RIPPLE_0271,Working,Grow in My Career,Promotion to Senior Engineer,1 Month,"Advanced (3+ years experience, looking to level up)",Mon;Wed;Fri,Hard,0,0,30-Day Milestone Accelerator,4 Weeks,4,12
RIPPLE_0272,Entrepreneur,Find Investors,Raise $250k Pre-Seed,3 Months,"Advanced (3+ years experience, looking to level up)",Mon;Tue;Wed;Thu;Fri;Sat;Sun,Hard,1,1,Quarterly Transformation Roadmap,12 Weeks,4,12
RIPPLE_0273,Changing Careers,Learn New Skills,Modern Full-Stack Javascript/Python,1 Week,Beginner (Basic theory / introductory coursework),Mon;Tue;Wed;Thu;Fri,Intensive,0,0,Rapid Sprint & Habit Kickoff,7 Days,3,9
RIPPLE_0274,Just Graduated,Find a Job,Data Analyst,1 Month,Intermediate (1-2 years relevant experience),Mon;Wed;Fri;Sat,Intensive,0,0,30-Day Milestone Accelerator,4 Weeks,4,12
RIPPLE_0275,Working,Grow in My Career,Executive Presence & Tech Lead,1 Week,Intermediate (1-2 years relevant experience),Mon;Wed;Fri,Hard,0,0,Rapid Sprint & Habit Kickoff,7 Days,3,9
RIPPLE_0276,High School,Start Working,Entry-level Internship,1 Week,Intermediate (1-2 years relevant experience),Mon;Tue;Wed;Thu;Fri,Hard,0,0,Rapid Sprint & Habit Kickoff,7 Days,3,9
RIPPLE_0277,Working,Higher Salary,Target FAANG / Tier 1 Tech Offer,3 Months,Intermediate (Built 1-2 small projects / self-taught),Mon;Tue;Wed;Thu;Fri;Sat;Sun,Moderate,3,0,Quarterly Transformation Roadmap,12 Weeks,4,12
RIPPLE_0278,Building My Own Thing,Small Business,E-commerce Brand to $5k MRR,1 Week,Beginner (Basic theory / introductory coursework),Sat;Sun,Intensive,0,0,Rapid Sprint & Habit Kickoff,7 Days,3,9
RIPPLE_0279,Working,Change Careers,Transition to Product Management,1 Month,Intermediate (Built 1-2 small projects / self-taught),Tue;Thu;Sat;Sun,Moderate,0,0,30-Day Milestone Accelerator,4 Weeks,4,12
RIPPLE_0280,Building My Own Thing,Small Business,Local Service Agency Launch,1 Week,Intermediate (Built 1-2 small projects / self-taught),Mon;Tue;Wed;Thu;Fri,Moderate,3,0,Rapid Sprint & Habit Kickoff,7 Days,3,9
RIPPLE_0281,Building My Own Thing,Startup,B2B SaaS to First 10 Customers,1 Month,Intermediate (1-2 years relevant experience),Mon;Wed;Fri;Sat,Easy,1,1,30-Day Milestone Accelerator,4 Weeks,4,12
RIPPLE_0282,University Student,Build a Startup,Launch MVP on Campus,6 Months,Beginner (Basic theory / introductory coursework),Mon;Tue;Wed;Thu;Fri,Intensive,1,0,Comprehensive Mastery & Career Pivot,24 Weeks,4,12
RIPPLE_0283,Building My Own Thing,Startup,B2B SaaS to First 10 Customers,3 Months,Intermediate (Built 1-2 small projects / self-taught),Mon;Wed;Fri;Sat,Hard,0,0,Quarterly Transformation Roadmap,12 Weeks,4,12
RIPPLE_0284,Changing Careers,Switch Industry,Data Science Career Pivot,1 Month,Intermediate (1-2 years relevant experience),Mon;Wed;Fri,Hard,1,1,30-Day Milestone Accelerator,4 Weeks,4,12
RIPPLE_0285,Entrepreneur,Find Investors,Raise $250k Pre-Seed,1 Week,Beginner (Basic theory / introductory coursework),Mon;Tue;Wed;Thu;Fri;Sat;Sun,Easy,0,0,Rapid Sprint & Habit Kickoff,7 Days,3,9
RIPPLE_0286,Entrepreneur,Find Investors,Raise $250k Pre-Seed,3 Months,Beginner (No prior background),Mon;Tue;Wed;Thu;Fri;Sat;Sun,Moderate,2,0,Quarterly Transformation Roadmap,12 Weeks,4,12
RIPPLE_0287,Changing Careers,Switch Industry,Data Science Career Pivot,6 Months,Intermediate (Built 1-2 small projects / self-taught),Mon;Wed;Fri;Sat,Easy,3,3,Comprehensive Mastery & Career Pivot,24 Weeks,4,12
RIPPLE_0288,High School,Learn a Skill,Full-Stack Web Basics,6 Months,"Advanced (3+ years experience, looking to level up)",Tue;Thu;Sat;Sun,Intensive,1,0,Comprehensive Mastery & Career Pivot,24 Weeks,4,12
RIPPLE_0289,University Student,Get a Job,Software Engineering,3 Months,Beginner (Basic theory / introductory coursework),Mon;Tue;Wed;Thu;Fri,Easy,3,3,Quarterly Transformation Roadmap,12 Weeks,4,12
RIPPLE_0290,Building My Own Thing,Startup,Mobile App with 10k Downloads,1 Week,Intermediate (Built 1-2 small projects / self-taught),Mon;Tue;Wed;Thu;Fri;Sat;Sun,Easy,1,1,Rapid Sprint & Habit Kickoff,7 Days,3,9
RIPPLE_0291,Changing Careers,Switch Industry,Product Management Transition,6 Months,Beginner (Basic theory / introductory coursework),Mon;Wed;Fri;Sat,Easy,0,0,Comprehensive Mastery & Career Pivot,24 Weeks,4,12
RIPPLE_0292,Working,Grow in My Career,Lead Cross-Functional Team,1 Week,Intermediate (Built 1-2 small projects / self-taught),Mon;Tue;Wed;Thu;Fri,Moderate,0,0,Rapid Sprint & Habit Kickoff,7 Days,3,9
RIPPLE_0293,Building My Own Thing,Startup,AI Micro-SaaS Launch,1 Week,Beginner (Basic theory / introductory coursework),Tue;Thu;Sat;Sun,Intensive,2,0,Rapid Sprint & Habit Kickoff,7 Days,3,9
RIPPLE_0294,Building My Own Thing,Small Business,E-commerce Brand to $5k MRR,1 Week,Intermediate (Built 1-2 small projects / self-taught),Tue;Thu;Sat;Sun,Intensive,0,0,Rapid Sprint & Habit Kickoff,7 Days,3,9
RIPPLE_0295,High School,Start Working,Resume & Interview Readiness,1 Week,Intermediate (1-2 years relevant experience),Mon;Tue;Wed;Thu;Fri;Sat;Sun,Intensive,2,2,Rapid Sprint & Habit Kickoff,7 Days,3,9
RIPPLE_0296,Just Graduated,Higher Studies,Graduate School Applications,1 Week,Beginner (Basic theory / introductory coursework),Mon;Tue;Wed;Thu;Fri,Easy,0,0,Rapid Sprint & Habit Kickoff,7 Days,3,9
RIPPLE_0297,Just Graduated,Find a Job,QA Automation Engineer,3 Months,Intermediate (1-2 years relevant experience),Mon;Wed;Fri;Sat,Moderate,0,0,Quarterly Transformation Roadmap,12 Weeks,4,12
RIPPLE_0298,Changing Careers,Learn New Skills,Machine Learning Fundamentals,3 Months,Beginner (Basic theory / introductory coursework),Mon;Wed;Fri,Intensive,2,2,Quarterly Transformation Roadmap,12 Weeks,4,12
RIPPLE_0299,Changing Careers,Switch Industry,Software Engineering Bootcamp to Job,1 Month,"Advanced (3+ years experience, looking to level up)",Sat;Sun,Easy,0,0,30-Day Milestone Accelerator,4 Weeks,4,12
RIPPLE_0300,Working,Higher Salary,Target FAANG / Tier 1 Tech Offer,3 Months,Beginner (No prior background),Mon;Tue;Wed;Thu;Fri,Intensive,2,2,Quarterly Transformation Roadmap,12 Weeks,4,12
RIPPLE_0301,Working,Higher Salary,Target FAANG / Tier 1 Tech Offer,1 Month,"Advanced (3+ years experience, looking to level up)",Mon;Wed;Fri;Sat,Moderate,0,0,30-Day Milestone Accelerator,4 Weeks,4,12
RIPPLE_0302,Working,Grow in My Career,Promotion to Senior Engineer,3 Months,Beginner (No prior background),Mon;Tue;Wed;Thu;Fri,Hard,3,1,Quarterly Transformation Roadmap,12 Weeks,4,12
RIPPLE_0303,Working,Grow in My Career,Promotion to Senior Engineer,3 Months,Beginner (No prior background),Mon;Wed;Fri;Sat,Easy,3,0,Quarterly Transformation Roadmap,12 Weeks,4,12
RIPPLE_0304,Changing Careers,Switch Industry,Data Science Career Pivot,6 Months,Beginner (No prior background),Sat;Sun,Easy,1,1,Comprehensive Mastery & Career Pivot,24 Weeks,4,12
RIPPLE_0305,Entrepreneur,Grow My Business,Hire First 3 Core Engineers,3 Months,Intermediate (Built 1-2 small projects / self-taught),Tue;Thu;Sat;Sun,Intensive,1,0,Quarterly Transformation Roadmap,12 Weeks,4,12
RIPPLE_0306,Just Graduated,Freelance,Full-time Freelance Agency,1 Month,Beginner (No prior background),Sat;Sun,Moderate,3,2,30-Day Milestone Accelerator,4 Weeks,4,12
RIPPLE_0307,High School,Learn a Skill,Python for Data Analysis,1 Week,Beginner (No prior background),Mon;Wed;Fri,Moderate,0,0,Rapid Sprint & Habit Kickoff,7 Days,3,9
RIPPLE_0308,Just Graduated,Higher Studies,Graduate School Applications,1 Week,Beginner (Basic theory / introductory coursework),Sat;Sun,Hard,0,0,Rapid Sprint & Habit Kickoff,7 Days,3,9
RIPPLE_0309,Building My Own Thing,Small Business,Local Service Agency Launch,1 Month,Beginner (No prior background),Sat;Sun,Intensive,1,1,30-Day Milestone Accelerator,4 Weeks,4,12
RIPPLE_0310,Entrepreneur,Find Investors,Raise $250k Pre-Seed,1 Week,Beginner (No prior background),Mon;Wed;Fri;Sat,Moderate,1,1,Rapid Sprint & Habit Kickoff,7 Days,3,9
RIPPLE_0311,Changing Careers,Learn New Skills,Machine Learning Fundamentals,1 Week,Beginner (No prior background),Mon;Wed;Fri,Moderate,3,0,Rapid Sprint & Habit Kickoff,7 Days,3,9
RIPPLE_0312,University Student,Freelance,Top Rated Freelancer on Upwork,1 Month,"Advanced (3+ years experience, looking to level up)",Mon;Wed;Fri,Intensive,3,3,30-Day Milestone Accelerator,4 Weeks,4,12
RIPPLE_0313,Just Graduated,Higher Studies,Scholarship Hunt,6 Months,Beginner (Basic theory / introductory coursework),Mon;Tue;Wed;Thu;Fri;Sat;Sun,Easy,1,1,Comprehensive Mastery & Career Pivot,24 Weeks,4,12
RIPPLE_0314,Changing Careers,Learn New Skills,Machine Learning Fundamentals,1 Week,Intermediate (Built 1-2 small projects / self-taught),Mon;Wed;Fri;Sat,Intensive,0,0,Rapid Sprint & Habit Kickoff,7 Days,3,9
RIPPLE_0315,Building My Own Thing,Startup,Mobile App with 10k Downloads,3 Months,Intermediate (1-2 years relevant experience),Tue;Thu;Sat;Sun,Intensive,2,0,Quarterly Transformation Roadmap,12 Weeks,4,12
RIPPLE_0316,University Student,Build a Startup,Apply to YC / Student Incubator,1 Month,Beginner (No prior background),Mon;Tue;Wed;Thu;Fri,Hard,3,1,30-Day Milestone Accelerator,4 Weeks,4,12
RIPPLE_0317,Just Graduated,Freelance,Full-time Freelance Agency,3 Months,"Advanced (3+ years experience, looking to level up)",Mon;Wed;Fri;Sat,Easy,3,1,Quarterly Transformation Roadmap,12 Weeks,4,12
RIPPLE_0318,High School,Start Working,Resume & Interview Readiness,3 Months,"Advanced (3+ years experience, looking to level up)",Mon;Wed;Fri,Easy,0,0,Quarterly Transformation Roadmap,12 Weeks,4,12
RIPPLE_0319,Changing Careers,Switch Industry,Product Management Transition,3 Months,Beginner (Basic theory / introductory coursework),Mon;Tue;Wed;Thu;Fri,Intensive,0,0,Quarterly Transformation Roadmap,12 Weeks,4,12
RIPPLE_0320,University Student,Higher Studies,Master's in Computer Science,1 Week,"Advanced (3+ years experience, looking to level up)",Mon;Tue;Wed;Thu;Fri,Intensive,0,0,Rapid Sprint & Habit Kickoff,7 Days,3,9
RIPPLE_0321,Entrepreneur,Find Investors,Create Investor Pitch Deck & Data Room,1 Month,Intermediate (Built 1-2 small projects / self-taught),Mon;Tue;Wed;Thu;Fri,Easy,0,0,30-Day Milestone Accelerator,4 Weeks,4,12
RIPPLE_0322,Building My Own Thing,Startup,B2B SaaS to First 10 Customers,3 Months,Beginner (No prior background),Mon;Wed;Fri,Hard,0,0,Quarterly Transformation Roadmap,12 Weeks,4,12
RIPPLE_0323,High School,Learn a Skill,Full-Stack Web Basics,1 Month,Intermediate (1-2 years relevant experience),Mon;Wed;Fri,Intensive,2,2,30-Day Milestone Accelerator,4 Weeks,4,12
RIPPLE_0324,Building My Own Thing,Startup,Mobile App with 10k Downloads,3 Months,Intermediate (Built 1-2 small projects / self-taught),Mon;Wed;Fri;Sat,Moderate,0,0,Quarterly Transformation Roadmap,12 Weeks,4,12
RIPPLE_0325,Building My Own Thing,Small Business,E-commerce Brand to $5k MRR,1 Month,"Advanced (3+ years experience, looking to level up)",Mon;Tue;Wed;Thu;Fri;Sat;Sun,Hard,0,0,30-Day Milestone Accelerator,4 Weeks,4,12
RIPPLE_0326,University Student,Freelance,Top Rated Freelancer on Upwork,3 Months,Beginner (No prior background),Tue;Thu;Sat;Sun,Moderate,2,2,Quarterly Transformation Roadmap,12 Weeks,4,12
RIPPLE_0327,University Student,Build a Startup,Launch MVP on Campus,1 Month,Beginner (No prior background),Tue;Thu;Sat;Sun,Hard,0,0,30-Day Milestone Accelerator,4 Weeks,4,12
RIPPLE_0328,Building My Own Thing,Startup,B2B SaaS to First 10 Customers,6 Months,Intermediate (1-2 years relevant experience),Mon;Wed;Fri;Sat,Intensive,3,3,Comprehensive Mastery & Career Pivot,24 Weeks,4,12
RIPPLE_0329,Just Graduated,Higher Studies,Graduate School Applications,1 Week,Intermediate (Built 1-2 small projects / self-taught),Tue;Thu;Sat;Sun,Easy,0,0,Rapid Sprint & Habit Kickoff,7 Days,3,9
RIPPLE_0330,High School,University,SAT 1500+ / ACT 34+,1 Month,Beginner (No prior background),Tue;Thu;Sat;Sun,Easy,3,3,30-Day Milestone Accelerator,4 Weeks,4,12
RIPPLE_0331,High School,University,Top Tier CS University Admissions,6 Months,"Advanced (3+ years experience, looking to level up)",Mon;Wed;Fri,Hard,2,0,Comprehensive Mastery & Career Pivot,24 Weeks,4,12
RIPPLE_0332,University Student,Freelance,Earn First $1k Freelancing,6 Months,Beginner (Basic theory / introductory coursework),Tue;Thu;Sat;Sun,Easy,0,0,Comprehensive Mastery & Career Pivot,24 Weeks,4,12
RIPPLE_0333,Working,Grow in My Career,Lead Cross-Functional Team,6 Months,Beginner (Basic theory / introductory coursework),Mon;Tue;Wed;Thu;Fri,Easy,1,1,Comprehensive Mastery & Career Pivot,24 Weeks,4,12
RIPPLE_0334,Working,Grow in My Career,Lead Cross-Functional Team,6 Months,Intermediate (1-2 years relevant experience),Mon;Wed;Fri,Intensive,2,1,Comprehensive Mastery & Career Pivot,24 Weeks,4,12
RIPPLE_0335,High School,Learn a Skill,Python for Data Analysis,1 Month,Intermediate (1-2 years relevant experience),Tue;Thu;Sat;Sun,Easy,3,2,30-Day Milestone Accelerator,4 Weeks,4,12
RIPPLE_0336,Just Graduated,Freelance,Full-time Freelance Agency,1 Week,Intermediate (Built 1-2 small projects / self-taught),Mon;Tue;Wed;Thu;Fri;Sat;Sun,Intensive,1,0,Rapid Sprint & Habit Kickoff,7 Days,3,9
RIPPLE_0337,Entrepreneur,Grow My Business,Product Hunt Launch to #1 Product of Day,6 Months,"Advanced (3+ years experience, looking to level up)",Mon;Tue;Wed;Thu;Fri;Sat;Sun,Intensive,1,1,Comprehensive Mastery & Career Pivot,24 Weeks,4,12
RIPPLE_0338,Working,Grow in My Career,Executive Presence & Tech Lead,1 Month,Beginner (No prior background),Mon;Wed;Fri;Sat,Intensive,1,0,30-Day Milestone Accelerator,4 Weeks,4,12
RIPPLE_0339,Just Graduated,Find a Job,QA Automation Engineer,1 Week,Intermediate (1-2 years relevant experience),Mon;Wed;Fri,Moderate,0,0,Rapid Sprint & Habit Kickoff,7 Days,3,9
RIPPLE_0340,High School,Learn a Skill,Mobile App Development,1 Week,Beginner (No prior background),Mon;Tue;Wed;Thu;Fri;Sat;Sun,Intensive,3,3,Rapid Sprint & Habit Kickoff,7 Days,3,9
RIPPLE_0341,Working,Change Careers,Transition from Non-Tech to Tech,1 Week,Beginner (No prior background),Tue;Thu;Sat;Sun,Easy,2,1,Rapid Sprint & Habit Kickoff,7 Days,3,9
RIPPLE_0342,Changing Careers,Learn New Skills,Machine Learning Fundamentals,1 Month,Intermediate (Built 1-2 small projects / self-taught),Mon;Wed;Fri;Sat,Intensive,3,1,30-Day Milestone Accelerator,4 Weeks,4,12
RIPPLE_0343,Building My Own Thing,Small Business,Local Service Agency Launch,3 Months,Beginner (No prior background),Tue;Thu;Sat;Sun,Hard,2,2,Quarterly Transformation Roadmap,12 Weeks,4,12
RIPPLE_0344,Just Graduated,Higher Studies,Statement of Purpose & Reference Letters,6 Months,Intermediate (Built 1-2 small projects / self-taught),Mon;Wed;Fri,Hard,0,0,Comprehensive Mastery & Career Pivot,24 Weeks,4,12
RIPPLE_0345,Working,Change Careers,Transition from QA to Dev,6 Months,"Advanced (3+ years experience, looking to level up)",Mon;Tue;Wed;Thu;Fri,Hard,1,1,Comprehensive Mastery & Career Pivot,24 Weeks,4,12
RIPPLE_0346,Just Graduated,Freelance,Full-time Freelance Agency,1 Month,Beginner (Basic theory / introductory coursework),Mon;Tue;Wed;Thu;Fri,Moderate,1,1,30-Day Milestone Accelerator,4 Weeks,4,12
RIPPLE_0347,High School,Start Working,Entry-level Internship,3 Months,Intermediate (Built 1-2 small projects / self-taught),Mon;Tue;Wed;Thu;Fri;Sat;Sun,Intensive,3,2,Quarterly Transformation Roadmap,12 Weeks,4,12
RIPPLE_0348,Just Graduated,Higher Studies,Statement of Purpose & Reference Letters,3 Months,Intermediate (Built 1-2 small projects / self-taught),Tue;Thu;Sat;Sun,Moderate,0,0,Quarterly Transformation Roadmap,12 Weeks,4,12
RIPPLE_0349,High School,University,SAT 1500+ / ACT 34+,1 Week,Beginner (Basic theory / introductory coursework),Mon;Wed;Fri;Sat,Moderate,1,1,Rapid Sprint & Habit Kickoff,7 Days,3,9
RIPPLE_0350,Changing Careers,Switch Industry,Data Science Career Pivot,1 Week,Intermediate (1-2 years relevant experience),Mon;Wed;Fri,Moderate,0,0,Rapid Sprint & Habit Kickoff,7 Days,3,9
RIPPLE_0351,Entrepreneur,Find Investors,Raise $250k Pre-Seed,3 Months,"Advanced (3+ years experience, looking to level up)",Mon;Wed;Fri,Hard,0,0,Quarterly Transformation Roadmap,12 Weeks,4,12
RIPPLE_0352,Entrepreneur,Grow My Business,Hire First 3 Core Engineers,3 Months,Beginner (Basic theory / introductory coursework),Tue;Thu;Sat;Sun,Intensive,0,0,Quarterly Transformation Roadmap,12 Weeks,4,12
RIPPLE_0353,Changing Careers,Learn New Skills,Modern Full-Stack Javascript/Python,3 Months,Intermediate (Built 1-2 small projects / self-taught),Sat;Sun,Easy,0,0,Quarterly Transformation Roadmap,12 Weeks,4,12
RIPPLE_0354,High School,Learn a Skill,Mobile App Development,3 Months,Intermediate (Built 1-2 small projects / self-taught),Mon;Wed;Fri,Hard,2,2,Quarterly Transformation Roadmap,12 Weeks,4,12
RIPPLE_0355,Entrepreneur,Grow My Business,Product Hunt Launch to #1 Product of Day,3 Months,Beginner (Basic theory / introductory coursework),Mon;Wed;Fri,Easy,0,0,Quarterly Transformation Roadmap,12 Weeks,4,12
RIPPLE_0356,Working,Better Work-Life Balance,Daily Routine Reset,1 Month,Intermediate (Built 1-2 small projects / self-taught),Mon;Wed;Fri,Moderate,3,1,30-Day Milestone Accelerator,4 Weeks,4,12
RIPPLE_0357,Changing Careers,Switch Industry,Product Management Transition,1 Week,Intermediate (1-2 years relevant experience),Mon;Wed;Fri,Moderate,2,2,Rapid Sprint & Habit Kickoff,7 Days,3,9
RIPPLE_0358,Just Graduated,Higher Studies,Graduate School Applications,3 Months,Intermediate (1-2 years relevant experience),Tue;Thu;Sat;Sun,Hard,0,0,Quarterly Transformation Roadmap,12 Weeks,4,12
RIPPLE_0359,Working,Grow in My Career,Lead Cross-Functional Team,1 Week,"Advanced (3+ years experience, looking to level up)",Sat;Sun,Easy,1,0,Rapid Sprint & Habit Kickoff,7 Days,3,9
RIPPLE_0360,Entrepreneur,Grow My Business,Product Hunt Launch to #1 Product of Day,3 Months,Intermediate (1-2 years relevant experience),Mon;Wed;Fri;Sat,Easy,1,1,Quarterly Transformation Roadmap,12 Weeks,4,12
RIPPLE_0361,Changing Careers,Learn New Skills,Machine Learning Fundamentals,3 Months,Beginner (Basic theory / introductory coursework),Sat;Sun,Easy,2,2,Quarterly Transformation Roadmap,12 Weeks,4,12
RIPPLE_0362,Working,Higher Salary,Market Benchmark & Negotiation,1 Month,"Advanced (3+ years experience, looking to level up)",Sat;Sun,Moderate,0,0,30-Day Milestone Accelerator,4 Weeks,4,12
RIPPLE_0363,Just Graduated,Freelance,Content Creation & Personal Brand,6 Months,Intermediate (1-2 years relevant experience),Sat;Sun,Intensive,0,0,Comprehensive Mastery & Career Pivot,24 Weeks,4,12
RIPPLE_0364,Building My Own Thing,Small Business,E-commerce Brand to $5k MRR,3 Months,"Advanced (3+ years experience, looking to level up)",Mon;Tue;Wed;Thu;Fri,Moderate,0,0,Quarterly Transformation Roadmap,12 Weeks,4,12
RIPPLE_0365,Building My Own Thing,Startup,B2B SaaS to First 10 Customers,3 Months,Intermediate (Built 1-2 small projects / self-taught),Mon;Tue;Wed;Thu;Fri,Moderate,3,0,Quarterly Transformation Roadmap,12 Weeks,4,12
RIPPLE_0366,Entrepreneur,Find Investors,Create Investor Pitch Deck & Data Room,3 Months,Intermediate (1-2 years relevant experience),Sat;Sun,Hard,1,1,Quarterly Transformation Roadmap,12 Weeks,4,12
RIPPLE_0367,Entrepreneur,Find Investors,Raise $250k Pre-Seed,6 Months,Beginner (No prior background),Mon;Wed;Fri;Sat,Moderate,1,0,Comprehensive Mastery & Career Pivot,24 Weeks,4,12
RIPPLE_0368,Changing Careers,Switch Industry,Software Engineering Bootcamp to Job,3 Months,Beginner (No prior background),Mon;Wed;Fri,Intensive,2,2,Quarterly Transformation Roadmap,12 Weeks,4,12
RIPPLE_0369,Building My Own Thing,Startup,B2B SaaS to First 10 Customers,1 Week,Intermediate (1-2 years relevant experience),Sat;Sun,Intensive,0,0,Rapid Sprint & Habit Kickoff,7 Days,3,9
RIPPLE_0370,Changing Careers,Learn New Skills,Cloud & DevOps (AWS/Docker),1 Month,Beginner (Basic theory / introductory coursework),Tue;Thu;Sat;Sun,Easy,3,1,30-Day Milestone Accelerator,4 Weeks,4,12
RIPPLE_0371,Entrepreneur,Find Investors,Raise $250k Pre-Seed,3 Months,Beginner (No prior background),Sat;Sun,Easy,0,0,Quarterly Transformation Roadmap,12 Weeks,4,12
RIPPLE_0372,Just Graduated,Higher Studies,Statement of Purpose & Reference Letters,1 Month,Intermediate (Built 1-2 small projects / self-taught),Tue;Thu;Sat;Sun,Intensive,1,1,30-Day Milestone Accelerator,4 Weeks,4,12
RIPPLE_0373,Building My Own Thing,Small Business,Local Service Agency Launch,1 Month,Beginner (No prior background),Mon;Wed;Fri,Easy,0,0,30-Day Milestone Accelerator,4 Weeks,4,12
RIPPLE_0374,University Student,Freelance,Top Rated Freelancer on Upwork,1 Week,"Advanced (3+ years experience, looking to level up)",Mon;Wed;Fri,Easy,0,0,Rapid Sprint & Habit Kickoff,7 Days,3,9
RIPPLE_0375,High School,Start Working,Entry-level Internship,6 Months,Intermediate (Built 1-2 small projects / self-taught),Sat;Sun,Hard,0,0,Comprehensive Mastery & Career Pivot,24 Weeks,4,12
RIPPLE_0376,University Student,Higher Studies,IELTS & GRE Prep,3 Months,Intermediate (Built 1-2 small projects / self-taught),Sat;Sun,Hard,0,0,Quarterly Transformation Roadmap,12 Weeks,4,12
RIPPLE_0377,University Student,Get a Job,Software Engineering,1 Month,Beginner (Basic theory / introductory coursework),Tue;Thu;Sat;Sun,Hard,0,0,30-Day Milestone Accelerator,4 Weeks,4,12
RIPPLE_0378,High School,Learn a Skill,Full-Stack Web Basics,1 Week,Intermediate (1-2 years relevant experience),Sat;Sun,Intensive,2,1,Rapid Sprint & Habit Kickoff,7 Days,3,9
RIPPLE_0379,University Student,Higher Studies,IELTS & GRE Prep,1 Month,Beginner (No prior background),Mon;Tue;Wed;Thu;Fri;Sat;Sun,Intensive,0,0,30-Day Milestone Accelerator,4 Weeks,4,12
RIPPLE_0380,Changing Careers,Learn New Skills,Cloud & DevOps (AWS/Docker),1 Week,Beginner (Basic theory / introductory coursework),Sat;Sun,Intensive,0,0,Rapid Sprint & Habit Kickoff,7 Days,3,9
RIPPLE_0381,Working,Better Work-Life Balance,Daily Routine Reset,1 Week,Intermediate (Built 1-2 small projects / self-taught),Mon;Tue;Wed;Thu;Fri,Hard,1,0,Rapid Sprint & Habit Kickoff,7 Days,3,9
RIPPLE_0382,Working,Change Careers,Transition from QA to Dev,3 Months,Intermediate (1-2 years relevant experience),Mon;Tue;Wed;Thu;Fri;Sat;Sun,Moderate,0,0,Quarterly Transformation Roadmap,12 Weeks,4,12
RIPPLE_0383,University Student,Higher Studies,Target GPA 3.8+,6 Months,Beginner (Basic theory / introductory coursework),Sat;Sun,Easy,2,1,Comprehensive Mastery & Career Pivot,24 Weeks,4,12
RIPPLE_0384,Changing Careers,Switch Industry,Data Science Career Pivot,6 Months,Intermediate (1-2 years relevant experience),Mon;Tue;Wed;Thu;Fri,Moderate,0,0,Comprehensive Mastery & Career Pivot,24 Weeks,4,12
RIPPLE_0385,Entrepreneur,Grow My Business,Hire First 3 Core Engineers,3 Months,Beginner (No prior background),Mon;Wed;Fri,Intensive,0,0,Quarterly Transformation Roadmap,12 Weeks,4,12
RIPPLE_0386,University Student,Freelance,Build Client Portfolio,1 Week,"Advanced (3+ years experience, looking to level up)",Mon;Tue;Wed;Thu;Fri,Easy,0,0,Rapid Sprint & Habit Kickoff,7 Days,3,9
RIPPLE_0387,Just Graduated,Freelance,Content Creation & Personal Brand,3 Months,Intermediate (Built 1-2 small projects / self-taught),Mon;Wed;Fri;Sat,Easy,3,2,Quarterly Transformation Roadmap,12 Weeks,4,12
RIPPLE_0388,University Student,Get a Job,Cybersecurity Analyst,1 Month,Beginner (No prior background),Tue;Thu;Sat;Sun,Hard,0,0,30-Day Milestone Accelerator,4 Weeks,4,12
RIPPLE_0389,High School,Start Working,Entry-level Internship,1 Week,Beginner (Basic theory / introductory coursework),Mon;Wed;Fri;Sat,Intensive,3,1,Rapid Sprint & Habit Kickoff,7 Days,3,9
RIPPLE_0390,Entrepreneur,Grow My Business,Scale Revenue by 50%,6 Months,Beginner (Basic theory / introductory coursework),Mon;Tue;Wed;Thu;Fri,Hard,3,3,Comprehensive Mastery & Career Pivot,24 Weeks,4,12
RIPPLE_0391,University Student,Get a Job,UI/UX Design,6 Months,"Advanced (3+ years experience, looking to level up)",Mon;Tue;Wed;Thu;Fri;Sat;Sun,Intensive,0,0,Comprehensive Mastery & Career Pivot,24 Weeks,4,12
RIPPLE_0392,Just Graduated,Freelance,Full-time Freelance Agency,1 Week,Intermediate (1-2 years relevant experience),Mon;Tue;Wed;Thu;Fri;Sat;Sun,Hard,3,3,Rapid Sprint & Habit Kickoff,7 Days,3,9
RIPPLE_0393,Entrepreneur,Find Investors,Raise $250k Pre-Seed,6 Months,"Advanced (3+ years experience, looking to level up)",Mon;Wed;Fri,Hard,2,0,Comprehensive Mastery & Career Pivot,24 Weeks,4,12
RIPPLE_0394,Just Graduated,Freelance,Content Creation & Personal Brand,3 Months,Beginner (Basic theory / introductory coursework),Mon;Tue;Wed;Thu;Fri;Sat;Sun,Moderate,2,2,Quarterly Transformation Roadmap,12 Weeks,4,12
RIPPLE_0395,Building My Own Thing,Small Business,Local Service Agency Launch,1 Week,"Advanced (3+ years experience, looking to level up)",Mon;Tue;Wed;Thu;Fri,Easy,3,1,Rapid Sprint & Habit Kickoff,7 Days,3,9
RIPPLE_0396,Entrepreneur,Find Investors,Create Investor Pitch Deck & Data Room,3 Months,Beginner (Basic theory / introductory coursework),Mon;Wed;Fri,Easy,2,0,Quarterly Transformation Roadmap,12 Weeks,4,12
RIPPLE_0397,High School,Learn a Skill,Full-Stack Web Basics,1 Month,"Advanced (3+ years experience, looking to level up)",Mon;Wed;Fri;Sat,Intensive,2,1,30-Day Milestone Accelerator,4 Weeks,4,12
RIPPLE_0398,Entrepreneur,Grow My Business,Product Hunt Launch to #1 Product of Day,1 Week,Beginner (No prior background),Mon;Wed;Fri;Sat,Hard,0,0,Rapid Sprint & Habit Kickoff,7 Days,3,9
RIPPLE_0399,Entrepreneur,Find Investors,Create Investor Pitch Deck & Data Room,6 Months,Beginner (Basic theory / introductory coursework),Mon;Wed;Fri;Sat,Easy,1,0,Comprehensive Mastery & Career Pivot,24 Weeks,4,12
RIPPLE_0400,Working,Grow in My Career,Lead Cross-Functional Team,3 Months,"Advanced (3+ years experience, looking to level up)",Mon;Wed;Fri;Sat,Hard,0,0,Quarterly Transformation Roadmap,12 Weeks,4,12
RIPPLE_0401,Entrepreneur,Grow My Business,Scale Revenue by 50%,3 Months,Intermediate (1-2 years relevant experience),Mon;Tue;Wed;Thu;Fri,Moderate,1,0,Quarterly Transformation Roadmap,12 Weeks,4,12
RIPPLE_0402,Entrepreneur,Grow My Business,Hire First 3 Core Engineers,3 Months,Beginner (No prior background),Mon;Tue;Wed;Thu;Fri;Sat;Sun,Hard,1,0,Quarterly Transformation Roadmap,12 Weeks,4,12
RIPPLE_0403,Entrepreneur,Find Investors,Create Investor Pitch Deck & Data Room,6 Months,Beginner (No prior background),Mon;Wed;Fri;Sat,Hard,1,1,Comprehensive Mastery & Career Pivot,24 Weeks,4,12
RIPPLE_0404,High School,University,Scholarship Strategy,6 Months,"Advanced (3+ years experience, looking to level up)",Mon;Tue;Wed;Thu;Fri,Easy,2,2,Comprehensive Mastery & Career Pivot,24 Weeks,4,12
RIPPLE_0405,Building My Own Thing,Small Business,Local Service Agency Launch,1 Week,Intermediate (1-2 years relevant experience),Mon;Tue;Wed;Thu;Fri;Sat;Sun,Hard,2,1,Rapid Sprint & Habit Kickoff,7 Days,3,9
RIPPLE_0406,Working,Grow in My Career,Lead Cross-Functional Team,1 Month,Intermediate (Built 1-2 small projects / self-taught),Mon;Tue;Wed;Thu;Fri,Easy,1,0,30-Day Milestone Accelerator,4 Weeks,4,12
RIPPLE_0407,Building My Own Thing,Startup,B2B SaaS to First 10 Customers,1 Month,Intermediate (1-2 years relevant experience),Mon;Wed;Fri;Sat,Easy,3,3,30-Day Milestone Accelerator,4 Weeks,4,12
RIPPLE_0408,University Student,Get a Job,Software Engineering,1 Month,Intermediate (Built 1-2 small projects / self-taught),Mon;Tue;Wed;Thu;Fri;Sat;Sun,Easy,1,1,30-Day Milestone Accelerator,4 Weeks,4,12
RIPPLE_0409,Working,Better Work-Life Balance,Deep Work Systems & Burnout Recovery,3 Months,Beginner (No prior background),Mon;Wed;Fri,Intensive,0,0,Quarterly Transformation Roadmap,12 Weeks,4,12
RIPPLE_0410,Changing Careers,Switch Industry,Data Science Career Pivot,1 Week,"Advanced (3+ years experience, looking to level up)",Mon;Wed;Fri,Easy,0,0,Rapid Sprint & Habit Kickoff,7 Days,3,9
RIPPLE_0411,High School,Start Working,Entry-level Internship,3 Months,Intermediate (Built 1-2 small projects / self-taught),Tue;Thu;Sat;Sun,Easy,0,0,Quarterly Transformation Roadmap,12 Weeks,4,12
RIPPLE_0412,Working,Change Careers,Transition to Product Management,1 Month,Beginner (Basic theory / introductory coursework),Mon;Tue;Wed;Thu;Fri;Sat;Sun,Intensive,2,2,30-Day Milestone Accelerator,4 Weeks,4,12
RIPPLE_0413,Changing Careers,Switch Industry,Software Engineering Bootcamp to Job,1 Week,Beginner (No prior background),Mon;Tue;Wed;Thu;Fri;Sat;Sun,Intensive,0,0,Rapid Sprint & Habit Kickoff,7 Days,3,9
RIPPLE_0414,High School,University,Scholarship Strategy,3 Months,Beginner (Basic theory / introductory coursework),Mon;Wed;Fri,Intensive,1,0,Quarterly Transformation Roadmap,12 Weeks,4,12
RIPPLE_0415,Just Graduated,Freelance,Content Creation & Personal Brand,1 Month,Beginner (No prior background),Mon;Wed;Fri,Moderate,0,0,30-Day Milestone Accelerator,4 Weeks,4,12
RIPPLE_0416,Entrepreneur,Grow My Business,Product Hunt Launch to #1 Product of Day,1 Week,Intermediate (Built 1-2 small projects / self-taught),Tue;Thu;Sat;Sun,Easy,0,0,Rapid Sprint & Habit Kickoff,7 Days,3,9
RIPPLE_0417,Just Graduated,Freelance,Content Creation & Personal Brand,3 Months,Intermediate (Built 1-2 small projects / self-taught),Mon;Wed;Fri,Moderate,1,1,Quarterly Transformation Roadmap,12 Weeks,4,12
RIPPLE_0418,Just Graduated,Higher Studies,Scholarship Hunt,6 Months,Intermediate (Built 1-2 small projects / self-taught),Mon;Wed;Fri,Hard,0,0,Comprehensive Mastery & Career Pivot,24 Weeks,4,12
RIPPLE_0419,Changing Careers,Learn New Skills,Cloud & DevOps (AWS/Docker),6 Months,Beginner (Basic theory / introductory coursework),Tue;Thu;Sat;Sun,Easy,1,1,Comprehensive Mastery & Career Pivot,24 Weeks,4,12
RIPPLE_0420,Entrepreneur,Grow My Business,Scale Revenue by 50%,3 Months,Intermediate (1-2 years relevant experience),Sat;Sun,Intensive,2,2,Quarterly Transformation Roadmap,12 Weeks,4,12
RIPPLE_0421,Building My Own Thing,Startup,Mobile App with 10k Downloads,1 Month,"Advanced (3+ years experience, looking to level up)",Tue;Thu;Sat;Sun,Moderate,0,0,30-Day Milestone Accelerator,4 Weeks,4,12
RIPPLE_0422,Building My Own Thing,Startup,B2B SaaS to First 10 Customers,1 Week,"Advanced (3+ years experience, looking to level up)",Mon;Tue;Wed;Thu;Fri;Sat;Sun,Intensive,1,1,Rapid Sprint & Habit Kickoff,7 Days,3,9
RIPPLE_0423,Building My Own Thing,Startup,Mobile App with 10k Downloads,6 Months,Beginner (Basic theory / introductory coursework),Mon;Wed;Fri;Sat,Hard,0,0,Comprehensive Mastery & Career Pivot,24 Weeks,4,12
RIPPLE_0424,Working,Higher Salary,Market Benchmark & Negotiation,1 Month,"Advanced (3+ years experience, looking to level up)",Mon;Tue;Wed;Thu;Fri;Sat;Sun,Moderate,1,0,30-Day Milestone Accelerator,4 Weeks,4,12
RIPPLE_0425,Just Graduated,Freelance,Full-time Freelance Agency,6 Months,Intermediate (Built 1-2 small projects / self-taught),Mon;Wed;Fri;Sat,Easy,3,2,Comprehensive Mastery & Career Pivot,24 Weeks,4,12
RIPPLE_0426,Building My Own Thing,Startup,AI Micro-SaaS Launch,3 Months,Intermediate (1-2 years relevant experience),Sat;Sun,Intensive,0,0,Quarterly Transformation Roadmap,12 Weeks,4,12
RIPPLE_0427,University Student,Build a Startup,Launch MVP on Campus,3 Months,Intermediate (Built 1-2 small projects / self-taught),Sat;Sun,Moderate,3,3,Quarterly Transformation Roadmap,12 Weeks,4,12
RIPPLE_0428,Entrepreneur,Grow My Business,Hire First 3 Core Engineers,6 Months,"Advanced (3+ years experience, looking to level up)",Mon;Tue;Wed;Thu;Fri;Sat;Sun,Easy,1,0,Comprehensive Mastery & Career Pivot,24 Weeks,4,12
RIPPLE_0429,Just Graduated,Find a Job,Digital Marketing Specialist,3 Months,Beginner (Basic theory / introductory coursework),Mon;Wed;Fri;Sat,Moderate,1,0,Quarterly Transformation Roadmap,12 Weeks,4,12
RIPPLE_0430,Building My Own Thing,Startup,Mobile App with 10k Downloads,3 Months,Beginner (No prior background),Mon;Wed;Fri,Intensive,3,3,Quarterly Transformation Roadmap,12 Weeks,4,12
RIPPLE_0431,Just Graduated,Freelance,Full-time Freelance Agency,1 Month,"Advanced (3+ years experience, looking to level up)",Mon;Tue;Wed;Thu;Fri;Sat;Sun,Easy,1,0,30-Day Milestone Accelerator,4 Weeks,4,12
RIPPLE_0432,High School,University,Scholarship Strategy,6 Months,"Advanced (3+ years experience, looking to level up)",Mon;Wed;Fri,Easy,2,1,Comprehensive Mastery & Career Pivot,24 Weeks,4,12
RIPPLE_0433,Entrepreneur,Grow My Business,Scale Revenue by 50%,1 Month,Intermediate (1-2 years relevant experience),Mon;Tue;Wed;Thu;Fri;Sat;Sun,Moderate,0,0,30-Day Milestone Accelerator,4 Weeks,4,12
RIPPLE_0434,Building My Own Thing,Small Business,E-commerce Brand to $5k MRR,3 Months,Intermediate (1-2 years relevant experience),Mon;Wed;Fri;Sat,Easy,3,0,Quarterly Transformation Roadmap,12 Weeks,4,12
RIPPLE_0435,Just Graduated,Freelance,Content Creation & Personal Brand,1 Month,"Advanced (3+ years experience, looking to level up)",Mon;Wed;Fri;Sat,Easy,0,0,30-Day Milestone Accelerator,4 Weeks,4,12
RIPPLE_0436,University Student,Freelance,Earn First $1k Freelancing,1 Month,"Advanced (3+ years experience, looking to level up)",Mon;Wed;Fri,Easy,3,0,30-Day Milestone Accelerator,4 Weeks,4,12
RIPPLE_0437,Building My Own Thing,Small Business,E-commerce Brand to $5k MRR,6 Months,Intermediate (1-2 years relevant experience),Mon;Tue;Wed;Thu;Fri;Sat;Sun,Hard,0,0,Comprehensive Mastery & Career Pivot,24 Weeks,4,12
RIPPLE_0438,Working,Change Careers,Transition from QA to Dev,6 Months,Beginner (Basic theory / introductory coursework),Tue;Thu;Sat;Sun,Easy,3,0,Comprehensive Mastery & Career Pivot,24 Weeks,4,12
RIPPLE_0439,Changing Careers,Switch Industry,Data Science Career Pivot,1 Week,Intermediate (1-2 years relevant experience),Mon;Wed;Fri,Moderate,2,0,Rapid Sprint & Habit Kickoff,7 Days,3,9
RIPPLE_0440,Just Graduated,Higher Studies,Statement of Purpose & Reference Letters,3 Months,Intermediate (Built 1-2 small projects / self-taught),Mon;Tue;Wed;Thu;Fri;Sat;Sun,Intensive,0,0,Quarterly Transformation Roadmap,12 Weeks,4,12
RIPPLE_0441,Building My Own Thing,Small Business,E-commerce Brand to $5k MRR,6 Months,"Advanced (3+ years experience, looking to level up)",Mon;Wed;Fri;Sat,Intensive,0,0,Comprehensive Mastery & Career Pivot,24 Weeks,4,12
RIPPLE_0442,Working,Higher Salary,Target FAANG / Tier 1 Tech Offer,3 Months,Intermediate (1-2 years relevant experience),Mon;Wed;Fri,Moderate,0,0,Quarterly Transformation Roadmap,12 Weeks,4,12
RIPPLE_0443,Building My Own Thing,Startup,Mobile App with 10k Downloads,1 Month,Beginner (No prior background),Mon;Tue;Wed;Thu;Fri;Sat;Sun,Moderate,3,1,30-Day Milestone Accelerator,4 Weeks,4,12
RIPPLE_0444,Building My Own Thing,Startup,B2B SaaS to First 10 Customers,1 Month,Intermediate (1-2 years relevant experience),Mon;Tue;Wed;Thu;Fri,Intensive,0,0,30-Day Milestone Accelerator,4 Weeks,4,12
RIPPLE_0445,High School,University,SAT 1500+ / ACT 34+,1 Week,"Advanced (3+ years experience, looking to level up)",Mon;Wed;Fri,Easy,3,0,Rapid Sprint & Habit Kickoff,7 Days,3,9
RIPPLE_0446,Entrepreneur,Find Investors,Create Investor Pitch Deck & Data Room,6 Months,Beginner (No prior background),Mon;Wed;Fri,Moderate,2,2,Comprehensive Mastery & Career Pivot,24 Weeks,4,12
RIPPLE_0447,Building My Own Thing,Startup,Mobile App with 10k Downloads,1 Month,Beginner (No prior background),Mon;Tue;Wed;Thu;Fri,Moderate,2,2,30-Day Milestone Accelerator,4 Weeks,4,12
RIPPLE_0448,Changing Careers,Switch Industry,Data Science Career Pivot,1 Week,Beginner (No prior background),Mon;Tue;Wed;Thu;Fri;Sat;Sun,Easy,2,1,Rapid Sprint & Habit Kickoff,7 Days,3,9
RIPPLE_0449,Just Graduated,Freelance,Full-time Freelance Agency,6 Months,Intermediate (1-2 years relevant experience),Tue;Thu;Sat;Sun,Easy,1,0,Comprehensive Mastery & Career Pivot,24 Weeks,4,12
RIPPLE_0450,Changing Careers,Switch Industry,Data Science Career Pivot,3 Months,Intermediate (Built 1-2 small projects / self-taught),Mon;Tue;Wed;Thu;Fri;Sat;Sun,Easy,2,2,Quarterly Transformation Roadmap,12 Weeks,4,12
RIPPLE_0451,Changing Careers,Learn New Skills,Machine Learning Fundamentals,3 Months,Intermediate (1-2 years relevant experience),Mon;Tue;Wed;Thu;Fri;Sat;Sun,Intensive,0,0,Quarterly Transformation Roadmap,12 Weeks,4,12
RIPPLE_0452,Working,Grow in My Career,Lead Cross-Functional Team,1 Week,Intermediate (1-2 years relevant experience),Mon;Wed;Fri,Moderate,1,1,Rapid Sprint & Habit Kickoff,7 Days,3,9
RIPPLE_0453,Changing Careers,Switch Industry,Data Science Career Pivot,3 Months,Beginner (Basic theory / introductory coursework),Mon;Tue;Wed;Thu;Fri,Hard,3,3,Quarterly Transformation Roadmap,12 Weeks,4,12
RIPPLE_0454,Changing Careers,Learn New Skills,Machine Learning Fundamentals,1 Month,Intermediate (1-2 years relevant experience),Mon;Wed;Fri;Sat,Moderate,1,0,30-Day Milestone Accelerator,4 Weeks,4,12
RIPPLE_0455,Just Graduated,Find a Job,Junior Product Manager,3 Months,Beginner (Basic theory / introductory coursework),Mon;Tue;Wed;Thu;Fri,Easy,0,0,Quarterly Transformation Roadmap,12 Weeks,4,12
RIPPLE_0456,Building My Own Thing,Small Business,E-commerce Brand to $5k MRR,1 Week,Intermediate (1-2 years relevant experience),Mon;Tue;Wed;Thu;Fri;Sat;Sun,Hard,2,1,Rapid Sprint & Habit Kickoff,7 Days,3,9
RIPPLE_0457,Entrepreneur,Grow My Business,Hire First 3 Core Engineers,1 Month,"Advanced (3+ years experience, looking to level up)",Mon;Tue;Wed;Thu;Fri,Moderate,3,2,30-Day Milestone Accelerator,4 Weeks,4,12
RIPPLE_0458,Working,Grow in My Career,Executive Presence & Tech Lead,6 Months,Intermediate (Built 1-2 small projects / self-taught),Mon;Tue;Wed;Thu;Fri,Easy,1,0,Comprehensive Mastery & Career Pivot,24 Weeks,4,12
RIPPLE_0459,High School,Learn a Skill,Mobile App Development,3 Months,Beginner (Basic theory / introductory coursework),Mon;Wed;Fri;Sat,Hard,2,1,Quarterly Transformation Roadmap,12 Weeks,4,12
RIPPLE_0460,Working,Better Work-Life Balance,Daily Routine Reset,6 Months,Intermediate (Built 1-2 small projects / self-taught),Sat;Sun,Hard,2,2,Comprehensive Mastery & Career Pivot,24 Weeks,4,12
RIPPLE_0461,Entrepreneur,Find Investors,Create Investor Pitch Deck & Data Room,1 Month,"Advanced (3+ years experience, looking to level up)",Sat;Sun,Intensive,1,0,30-Day Milestone Accelerator,4 Weeks,4,12
RIPPLE_0462,Working,Grow in My Career,Promotion to Senior Engineer,6 Months,Intermediate (1-2 years relevant experience),Mon;Wed;Fri,Moderate,2,1,Comprehensive Mastery & Career Pivot,24 Weeks,4,12
RIPPLE_0463,Working,Grow in My Career,Executive Presence & Tech Lead,1 Month,Beginner (No prior background),Tue;Thu;Sat;Sun,Moderate,3,2,30-Day Milestone Accelerator,4 Weeks,4,12
RIPPLE_0464,Changing Careers,Learn New Skills,Cloud & DevOps (AWS/Docker),1 Week,Intermediate (1-2 years relevant experience),Tue;Thu;Sat;Sun,Easy,0,0,Rapid Sprint & Habit Kickoff,7 Days,3,9
RIPPLE_0465,Changing Careers,Switch Industry,Product Management Transition,3 Months,Intermediate (Built 1-2 small projects / self-taught),Mon;Wed;Fri,Intensive,3,3,Quarterly Transformation Roadmap,12 Weeks,4,12
RIPPLE_0466,Building My Own Thing,Small Business,Local Service Agency Launch,6 Months,Beginner (No prior background),Mon;Wed;Fri;Sat,Easy,2,1,Comprehensive Mastery & Career Pivot,24 Weeks,4,12
RIPPLE_0467,Building My Own Thing,Small Business,Local Service Agency Launch,3 Months,Intermediate (1-2 years relevant experience),Mon;Wed;Fri,Hard,3,0,Quarterly Transformation Roadmap,12 Weeks,4,12
RIPPLE_0468,Just Graduated,Freelance,Full-time Freelance Agency,3 Months,Beginner (No prior background),Mon;Wed;Fri;Sat,Moderate,0,0,Quarterly Transformation Roadmap,12 Weeks,4,12
RIPPLE_0469,Working,Grow in My Career,Promotion to Senior Engineer,6 Months,"Advanced (3+ years experience, looking to level up)",Mon;Tue;Wed;Thu;Fri,Easy,0,0,Comprehensive Mastery & Career Pivot,24 Weeks,4,12
RIPPLE_0470,University Student,Freelance,Build Client Portfolio,1 Month,Beginner (Basic theory / introductory coursework),Sat;Sun,Hard,1,0,30-Day Milestone Accelerator,4 Weeks,4,12
RIPPLE_0471,University Student,Get a Job,Machine Learning Engineer,3 Months,Intermediate (Built 1-2 small projects / self-taught),Sat;Sun,Intensive,2,0,Quarterly Transformation Roadmap,12 Weeks,4,12
RIPPLE_0472,Building My Own Thing,Startup,AI Micro-SaaS Launch,6 Months,"Advanced (3+ years experience, looking to level up)",Mon;Tue;Wed;Thu;Fri;Sat;Sun,Intensive,2,2,Comprehensive Mastery & Career Pivot,24 Weeks,4,12
RIPPLE_0473,Working,Higher Salary,Target FAANG / Tier 1 Tech Offer,6 Months,Intermediate (Built 1-2 small projects / self-taught),Tue;Thu;Sat;Sun,Moderate,0,0,Comprehensive Mastery & Career Pivot,24 Weeks,4,12
RIPPLE_0474,University Student,Higher Studies,Research Fellowship Application,3 Months,Intermediate (1-2 years relevant experience),Mon;Wed;Fri,Easy,3,3,Quarterly Transformation Roadmap,12 Weeks,4,12
RIPPLE_0475,Changing Careers,Learn New Skills,Machine Learning Fundamentals,6 Months,"Advanced (3+ years experience, looking to level up)",Sat;Sun,Intensive,1,1,Comprehensive Mastery & Career Pivot,24 Weeks,4,12
RIPPLE_0476,Just Graduated,Higher Studies,Graduate School Applications,6 Months,Beginner (Basic theory / introductory coursework),Tue;Thu;Sat;Sun,Hard,2,0,Comprehensive Mastery & Career Pivot,24 Weeks,4,12
RIPPLE_0477,Just Graduated,Find a Job,Data Analyst,1 Week,Intermediate (1-2 years relevant experience),Tue;Thu;Sat;Sun,Intensive,3,1,Rapid Sprint & Habit Kickoff,7 Days,3,9
RIPPLE_0478,Changing Careers,Switch Industry,Software Engineering Bootcamp to Job,1 Week,Intermediate (Built 1-2 small projects / self-taught),Mon;Wed;Fri;Sat,Hard,3,1,Rapid Sprint & Habit Kickoff,7 Days,3,9
RIPPLE_0479,Working,Change Careers,Transition from QA to Dev,6 Months,Intermediate (Built 1-2 small projects / self-taught),Tue;Thu;Sat;Sun,Intensive,3,1,Comprehensive Mastery & Career Pivot,24 Weeks,4,12
RIPPLE_0480,High School,Learn a Skill,Full-Stack Web Basics,6 Months,Beginner (Basic theory / introductory coursework),Tue;Thu;Sat;Sun,Moderate,3,3,Comprehensive Mastery & Career Pivot,24 Weeks,4,12
RIPPLE_0481,Just Graduated,Higher Studies,Statement of Purpose & Reference Letters,1 Week,"Advanced (3+ years experience, looking to level up)",Sat;Sun,Moderate,3,0,Rapid Sprint & Habit Kickoff,7 Days,3,9
RIPPLE_0482,Building My Own Thing,Startup,Mobile App with 10k Downloads,6 Months,Intermediate (Built 1-2 small projects / self-taught),Tue;Thu;Sat;Sun,Moderate,0,0,Comprehensive Mastery & Career Pivot,24 Weeks,4,12
RIPPLE_0483,Entrepreneur,Find Investors,Raise $250k Pre-Seed,1 Month,Intermediate (1-2 years relevant experience),Mon;Tue;Wed;Thu;Fri,Hard,1,0,30-Day Milestone Accelerator,4 Weeks,4,12
RIPPLE_0484,Working,Change Careers,Transition from Non-Tech to Tech,1 Week,"Advanced (3+ years experience, looking to level up)",Mon;Wed;Fri,Intensive,1,0,Rapid Sprint & Habit Kickoff,7 Days,3,9
RIPPLE_0485,Just Graduated,Find a Job,QA Automation Engineer,1 Week,"Advanced (3+ years experience, looking to level up)",Mon;Wed;Fri,Hard,0,0,Rapid Sprint & Habit Kickoff,7 Days,3,9
RIPPLE_0486,University Student,Build a Startup,Apply to YC / Student Incubator,1 Month,"Advanced (3+ years experience, looking to level up)",Mon;Wed;Fri;Sat,Easy,3,3,30-Day Milestone Accelerator,4 Weeks,4,12
RIPPLE_0487,Building My Own Thing,Small Business,Local Service Agency Launch,1 Month,Intermediate (Built 1-2 small projects / self-taught),Sat;Sun,Easy,3,1,30-Day Milestone Accelerator,4 Weeks,4,12
RIPPLE_0488,Just Graduated,Freelance,Content Creation & Personal Brand,3 Months,Intermediate (1-2 years relevant experience),Mon;Tue;Wed;Thu;Fri;Sat;Sun,Hard,1,0,Quarterly Transformation Roadmap,12 Weeks,4,12
RIPPLE_0489,Working,Higher Salary,Target FAANG / Tier 1 Tech Offer,3 Months,Intermediate (1-2 years relevant experience),Mon;Wed;Fri,Easy,3,1,Quarterly Transformation Roadmap,12 Weeks,4,12
RIPPLE_0490,Building My Own Thing,Startup,AI Micro-SaaS Launch,6 Months,Beginner (Basic theory / introductory coursework),Mon;Tue;Wed;Thu;Fri;Sat;Sun,Intensive,0,0,Comprehensive Mastery & Career Pivot,24 Weeks,4,12
RIPPLE_0491,High School,Learn a Skill,Python for Data Analysis,3 Months,Beginner (No prior background),Mon;Tue;Wed;Thu;Fri;Sat;Sun,Easy,0,0,Quarterly Transformation Roadmap,12 Weeks,4,12
RIPPLE_0492,University Student,Higher Studies,Master's in Computer Science,1 Week,Beginner (Basic theory / introductory coursework),Sat;Sun,Easy,1,0,Rapid Sprint & Habit Kickoff,7 Days,3,9
RIPPLE_0493,Changing Careers,Learn New Skills,Modern Full-Stack Javascript/Python,6 Months,"Advanced (3+ years experience, looking to level up)",Mon;Tue;Wed;Thu;Fri,Hard,2,0,Comprehensive Mastery & Career Pivot,24 Weeks,4,12
RIPPLE_0494,Just Graduated,Freelance,Content Creation & Personal Brand,1 Week,Intermediate (1-2 years relevant experience),Tue;Thu;Sat;Sun,Easy,3,0,Rapid Sprint & Habit Kickoff,7 Days,3,9
RIPPLE_0495,Building My Own Thing,Startup,Mobile App with 10k Downloads,1 Week,Beginner (Basic theory / introductory coursework),Mon;Tue;Wed;Thu;Fri,Easy,1,1,Rapid Sprint & Habit Kickoff,7 Days,3,9
RIPPLE_0496,Just Graduated,Freelance,Full-time Freelance Agency,1 Month,"Advanced (3+ years experience, looking to level up)",Mon;Wed;Fri,Intensive,0,0,30-Day Milestone Accelerator,4 Weeks,4,12
RIPPLE_0497,Entrepreneur,Grow My Business,Product Hunt Launch to #1 Product of Day,6 Months,Intermediate (1-2 years relevant experience),Mon;Wed;Fri;Sat,Easy,1,1,Comprehensive Mastery & Career Pivot,24 Weeks,4,12
RIPPLE_0498,Building My Own Thing,Startup,AI Micro-SaaS Launch,6 Months,Intermediate (Built 1-2 small projects / self-taught),Mon;Tue;Wed;Thu;Fri;Sat;Sun,Hard,2,2,Comprehensive Mastery & Career Pivot,24 Weeks,4,12
RIPPLE_0499,Changing Careers,Switch Industry,Data Science Career Pivot,1 Month,Intermediate (1-2 years relevant experience),Tue;Thu;Sat;Sun,Hard,3,0,30-Day Milestone Accelerator,4 Weeks,4,12
RIPPLE_0500,High School,Start Working,Entry-level Internship,1 Month,Intermediate (Built 1-2 small projects / self-taught),Tue;Thu;Sat;Sun,Easy,1,1,30-Day Milestone Accelerator,4 Weeks,4,12
RIPPLE_0501,Entrepreneur,Grow My Business,Product Hunt Launch to #1 Product of Day,1 Month,Beginner (No prior background),Sat;Sun,Easy,0,0,30-Day Milestone Accelerator,4 Weeks,4,12
RIPPLE_0502,High School,Learn a Skill,Mobile App Development,1 Month,Beginner (Basic theory / introductory coursework),Tue;Thu;Sat;Sun,Hard,0,0,30-Day Milestone Accelerator,4 Weeks,4,12
RIPPLE_0503,Changing Careers,Learn New Skills,Modern Full-Stack Javascript/Python,1 Month,Beginner (No prior background),Sat;Sun,Hard,1,0,30-Day Milestone Accelerator,4 Weeks,4,12
RIPPLE_0504,Changing Careers,Learn New Skills,Machine Learning Fundamentals,6 Months,Beginner (No prior background),Tue;Thu;Sat;Sun,Easy,0,0,Comprehensive Mastery & Career Pivot,24 Weeks,4,12
RIPPLE_0505,Entrepreneur,Find Investors,Raise $250k Pre-Seed,1 Week,Intermediate (1-2 years relevant experience),Tue;Thu;Sat;Sun,Easy,0,0,Rapid Sprint & Habit Kickoff,7 Days,3,9
RIPPLE_0506,High School,Start Working,Resume & Interview Readiness,1 Month,Intermediate (Built 1-2 small projects / self-taught),Mon;Wed;Fri;Sat,Moderate,0,0,30-Day Milestone Accelerator,4 Weeks,4,12
RIPPLE_0507,Building My Own Thing,Small Business,Local Service Agency Launch,1 Week,Beginner (Basic theory / introductory coursework),Tue;Thu;Sat;Sun,Intensive,0,0,Rapid Sprint & Habit Kickoff,7 Days,3,9
RIPPLE_0508,University Student,Freelance,Earn First $1k Freelancing,1 Week,"Advanced (3+ years experience, looking to level up)",Tue;Thu;Sat;Sun,Intensive,0,0,Rapid Sprint & Habit Kickoff,7 Days,3,9
RIPPLE_0509,Working,Better Work-Life Balance,Daily Routine Reset,1 Month,Intermediate (1-2 years relevant experience),Sat;Sun,Moderate,0,0,30-Day Milestone Accelerator,4 Weeks,4,12
RIPPLE_0510,Just Graduated,Find a Job,Data Analyst,6 Months,Intermediate (Built 1-2 small projects / self-taught),Mon;Tue;Wed;Thu;Fri,Easy,3,1,Comprehensive Mastery & Career Pivot,24 Weeks,4,12
RIPPLE_0511,High School,Start Working,Resume & Interview Readiness,1 Week,Intermediate (Built 1-2 small projects / self-taught),Tue;Thu;Sat;Sun,Moderate,0,0,Rapid Sprint & Habit Kickoff,7 Days,3,9
RIPPLE_0512,University Student,Higher Studies,Master's in Computer Science,3 Months,Beginner (Basic theory / introductory coursework),Mon;Tue;Wed;Thu;Fri,Easy,0,0,Quarterly Transformation Roadmap,12 Weeks,4,12
RIPPLE_0513,Just Graduated,Freelance,Full-time Freelance Agency,3 Months,Beginner (No prior background),Mon;Wed;Fri,Hard,0,0,Quarterly Transformation Roadmap,12 Weeks,4,12
RIPPLE_0514,High School,Learn a Skill,Python for Data Analysis,1 Week,Intermediate (Built 1-2 small projects / self-taught),Mon;Wed;Fri,Moderate,1,1,Rapid Sprint & Habit Kickoff,7 Days,3,9
RIPPLE_0515,Changing Careers,Switch Industry,Data Science Career Pivot,1 Week,Intermediate (1-2 years relevant experience),Tue;Thu;Sat;Sun,Easy,1,1,Rapid Sprint & Habit Kickoff,7 Days,3,9
RIPPLE_0516,Entrepreneur,Grow My Business,Scale Revenue by 50%,6 Months,Beginner (No prior background),Sat;Sun,Easy,2,0,Comprehensive Mastery & Career Pivot,24 Weeks,4,12
RIPPLE_0517,High School,Start Working,Retail / Admin Experience,1 Month,Intermediate (1-2 years relevant experience),Tue;Thu;Sat;Sun,Easy,0,0,30-Day Milestone Accelerator,4 Weeks,4,12
RIPPLE_0518,Just Graduated,Find a Job,Digital Marketing Specialist,6 Months,"Advanced (3+ years experience, looking to level up)",Mon;Tue;Wed;Thu;Fri,Easy,1,1,Comprehensive Mastery & Career Pivot,24 Weeks,4,12
RIPPLE_0519,Working,Better Work-Life Balance,Daily Routine Reset,1 Week,Intermediate (Built 1-2 small projects / self-taught),Tue;Thu;Sat;Sun,Hard,2,1,Rapid Sprint & Habit Kickoff,7 Days,3,9
RIPPLE_0520,Building My Own Thing,Small Business,Local Service Agency Launch,1 Week,"Advanced (3+ years experience, looking to level up)",Mon;Wed;Fri;Sat,Hard,1,1,Rapid Sprint & Habit Kickoff,7 Days,3,9
RIPPLE_0521,University Student,Freelance,Earn First $1k Freelancing,1 Month,Intermediate (1-2 years relevant experience),Mon;Tue;Wed;Thu;Fri;Sat;Sun,Moderate,1,1,30-Day Milestone Accelerator,4 Weeks,4,12
RIPPLE_0522,Working,Change Careers,Transition from Non-Tech to Tech,1 Month,"Advanced (3+ years experience, looking to level up)",Mon;Wed;Fri;Sat,Moderate,2,1,30-Day Milestone Accelerator,4 Weeks,4,12
RIPPLE_0523,Building My Own Thing,Startup,Mobile App with 10k Downloads,1 Week,"Advanced (3+ years experience, looking to level up)",Mon;Wed;Fri;Sat,Easy,2,1,Rapid Sprint & Habit Kickoff,7 Days,3,9
RIPPLE_0524,Working,Higher Salary,Target FAANG / Tier 1 Tech Offer,3 Months,Beginner (Basic theory / introductory coursework),Mon;Tue;Wed;Thu;Fri,Moderate,1,0,Quarterly Transformation Roadmap,12 Weeks,4,12
RIPPLE_0525,Entrepreneur,Grow My Business,Product Hunt Launch to #1 Product of Day,1 Month,"Advanced (3+ years experience, looking to level up)",Mon;Wed;Fri;Sat,Moderate,0,0,30-Day Milestone Accelerator,4 Weeks,4,12
RIPPLE_0526,High School,University,Scholarship Strategy,6 Months,Beginner (Basic theory / introductory coursework),Mon;Wed;Fri,Intensive,2,1,Comprehensive Mastery & Career Pivot,24 Weeks,4,12
RIPPLE_0527,Just Graduated,Find a Job,Junior Product Manager,1 Month,Beginner (No prior background),Mon;Tue;Wed;Thu;Fri,Intensive,2,2,30-Day Milestone Accelerator,4 Weeks,4,12
RIPPLE_0528,University Student,Higher Studies,Target GPA 3.8+,6 Months,Intermediate (Built 1-2 small projects / self-taught),Mon;Wed;Fri;Sat,Intensive,0,0,Comprehensive Mastery & Career Pivot,24 Weeks,4,12
RIPPLE_0529,Building My Own Thing,Small Business,Local Service Agency Launch,1 Week,"Advanced (3+ years experience, looking to level up)",Sat;Sun,Easy,3,0,Rapid Sprint & Habit Kickoff,7 Days,3,9
RIPPLE_0530,Changing Careers,Learn New Skills,Modern Full-Stack Javascript/Python,1 Week,Beginner (Basic theory / introductory coursework),Sat;Sun,Hard,0,0,Rapid Sprint & Habit Kickoff,7 Days,3,9
RIPPLE_0531,Just Graduated,Higher Studies,Scholarship Hunt,1 Week,"Advanced (3+ years experience, looking to level up)",Sat;Sun,Moderate,0,0,Rapid Sprint & Habit Kickoff,7 Days,3,9
RIPPLE_0532,Just Graduated,Freelance,Full-time Freelance Agency,6 Months,Intermediate (1-2 years relevant experience),Sat;Sun,Hard,0,0,Comprehensive Mastery & Career Pivot,24 Weeks,4,12
RIPPLE_0533,Just Graduated,Higher Studies,Statement of Purpose & Reference Letters,1 Month,Intermediate (1-2 years relevant experience),Tue;Thu;Sat;Sun,Easy,2,0,30-Day Milestone Accelerator,4 Weeks,4,12
RIPPLE_0534,University Student,Freelance,Earn First $1k Freelancing,3 Months,Beginner (No prior background),Mon;Wed;Fri,Intensive,1,1,Quarterly Transformation Roadmap,12 Weeks,4,12
RIPPLE_0535,Entrepreneur,Find Investors,Create Investor Pitch Deck & Data Room,1 Month,Beginner (Basic theory / introductory coursework),Mon;Wed;Fri;Sat,Moderate,0,0,30-Day Milestone Accelerator,4 Weeks,4,12
RIPPLE_0536,Working,Higher Salary,Target FAANG / Tier 1 Tech Offer,6 Months,Intermediate (Built 1-2 small projects / self-taught),Mon;Tue;Wed;Thu;Fri,Moderate,1,0,Comprehensive Mastery & Career Pivot,24 Weeks,4,12
RIPPLE_0537,Changing Careers,Learn New Skills,Machine Learning Fundamentals,6 Months,Intermediate (1-2 years relevant experience),Mon;Tue;Wed;Thu;Fri;Sat;Sun,Intensive,0,0,Comprehensive Mastery & Career Pivot,24 Weeks,4,12
RIPPLE_0538,Changing Careers,Learn New Skills,Machine Learning Fundamentals,1 Month,"Advanced (3+ years experience, looking to level up)",Sat;Sun,Intensive,3,1,30-Day Milestone Accelerator,4 Weeks,4,12
RIPPLE_0539,High School,Start Working,Resume & Interview Readiness,1 Month,Beginner (No prior background),Mon;Wed;Fri;Sat,Moderate,0,0,30-Day Milestone Accelerator,4 Weeks,4,12
RIPPLE_0540,Building My Own Thing,Small Business,E-commerce Brand to $5k MRR,1 Month,Beginner (No prior background),Tue;Thu;Sat;Sun,Hard,0,0,30-Day Milestone Accelerator,4 Weeks,4,12
RIPPLE_0541,University Student,Get a Job,Data Analyst,1 Month,Beginner (Basic theory / introductory coursework),Mon;Tue;Wed;Thu;Fri;Sat;Sun,Hard,1,1,30-Day Milestone Accelerator,4 Weeks,4,12
RIPPLE_0542,University Student,Build a Startup,Build SaaS Tool,3 Months,Intermediate (1-2 years relevant experience),Sat;Sun,Easy,0,0,Quarterly Transformation Roadmap,12 Weeks,4,12
RIPPLE_0543,High School,Learn a Skill,Full-Stack Web Basics,1 Week,Intermediate (Built 1-2 small projects / self-taught),Mon;Tue;Wed;Thu;Fri;Sat;Sun,Hard,0,0,Rapid Sprint & Habit Kickoff,7 Days,3,9
RIPPLE_0544,Changing Careers,Switch Industry,Software Engineering Bootcamp to Job,1 Week,Intermediate (1-2 years relevant experience),Sat;Sun,Hard,2,2,Rapid Sprint & Habit Kickoff,7 Days,3,9
RIPPLE_0545,Changing Careers,Learn New Skills,Modern Full-Stack Javascript/Python,6 Months,Intermediate (1-2 years relevant experience),Mon;Tue;Wed;Thu;Fri;Sat;Sun,Moderate,1,0,Comprehensive Mastery & Career Pivot,24 Weeks,4,12
RIPPLE_0546,University Student,Get a Job,Software Engineering,6 Months,Beginner (No prior background),Mon;Tue;Wed;Thu;Fri;Sat;Sun,Moderate,3,2,Comprehensive Mastery & Career Pivot,24 Weeks,4,12
RIPPLE_0547,University Student,Higher Studies,Research Fellowship Application,3 Months,Beginner (No prior background),Tue;Thu;Sat;Sun,Hard,2,2,Quarterly Transformation Roadmap,12 Weeks,4,12
RIPPLE_0548,Working,Grow in My Career,Promotion to Senior Engineer,1 Month,Intermediate (Built 1-2 small projects / self-taught),Mon;Wed;Fri,Hard,3,3,30-Day Milestone Accelerator,4 Weeks,4,12
RIPPLE_0549,Working,Better Work-Life Balance,Daily Routine Reset,3 Months,"Advanced (3+ years experience, looking to level up)",Mon;Tue;Wed;Thu;Fri;Sat;Sun,Hard,0,0,Quarterly Transformation Roadmap,12 Weeks,4,12
RIPPLE_0550,Just Graduated,Freelance,Content Creation & Personal Brand,3 Months,Beginner (No prior background),Tue;Thu;Sat;Sun,Moderate,0,0,Quarterly Transformation Roadmap,12 Weeks,4,12
RIPPLE_0551,High School,Learn a Skill,Mobile App Development,1 Month,"Advanced (3+ years experience, looking to level up)",Mon;Wed;Fri;Sat,Intensive,0,0,30-Day Milestone Accelerator,4 Weeks,4,12
RIPPLE_0552,Entrepreneur,Grow My Business,Product Hunt Launch to #1 Product of Day,3 Months,Beginner (No prior background),Sat;Sun,Hard,0,0,Quarterly Transformation Roadmap,12 Weeks,4,12
RIPPLE_0553,Working,Change Careers,Transition from QA to Dev,6 Months,Intermediate (Built 1-2 small projects / self-taught),Mon;Tue;Wed;Thu;Fri;Sat;Sun,Moderate,2,1,Comprehensive Mastery & Career Pivot,24 Weeks,4,12
RIPPLE_0554,Entrepreneur,Find Investors,Raise $250k Pre-Seed,6 Months,"Advanced (3+ years experience, looking to level up)",Sat;Sun,Easy,1,1,Comprehensive Mastery & Career Pivot,24 Weeks,4,12
RIPPLE_0555,Building My Own Thing,Small Business,Local Service Agency Launch,1 Month,Beginner (No prior background),Mon;Wed;Fri;Sat,Moderate,0,0,30-Day Milestone Accelerator,4 Weeks,4,12
RIPPLE_0556,Working,Better Work-Life Balance,Daily Routine Reset,1 Week,Intermediate (Built 1-2 small projects / self-taught),Mon;Wed;Fri,Easy,0,0,Rapid Sprint & Habit Kickoff,7 Days,3,9
RIPPLE_0557,High School,Learn a Skill,Full-Stack Web Basics,1 Week,"Advanced (3+ years experience, looking to level up)",Mon;Tue;Wed;Thu;Fri,Hard,2,0,Rapid Sprint & Habit Kickoff,7 Days,3,9
RIPPLE_0558,Just Graduated,Higher Studies,Scholarship Hunt,3 Months,Intermediate (1-2 years relevant experience),Tue;Thu;Sat;Sun,Easy,1,1,Quarterly Transformation Roadmap,12 Weeks,4,12
RIPPLE_0559,University Student,Get a Job,Frontend Development,3 Months,"Advanced (3+ years experience, looking to level up)",Tue;Thu;Sat;Sun,Hard,1,0,Quarterly Transformation Roadmap,12 Weeks,4,12
RIPPLE_0560,Just Graduated,Find a Job,Data Analyst,3 Months,"Advanced (3+ years experience, looking to level up)",Mon;Tue;Wed;Thu;Fri,Intensive,1,1,Quarterly Transformation Roadmap,12 Weeks,4,12
RIPPLE_0561,University Student,Freelance,Top Rated Freelancer on Upwork,1 Week,Intermediate (1-2 years relevant experience),Mon;Wed;Fri;Sat,Intensive,0,0,Rapid Sprint & Habit Kickoff,7 Days,3,9
RIPPLE_0562,High School,University,Scholarship Strategy,1 Week,Intermediate (1-2 years relevant experience),Mon;Tue;Wed;Thu;Fri,Moderate,3,3,Rapid Sprint & Habit Kickoff,7 Days,3,9
RIPPLE_0563,Just Graduated,Freelance,Content Creation & Personal Brand,3 Months,Intermediate (1-2 years relevant experience),Mon;Wed;Fri,Moderate,2,1,Quarterly Transformation Roadmap,12 Weeks,4,12
RIPPLE_0564,University Student,Freelance,Top Rated Freelancer on Upwork,3 Months,Intermediate (1-2 years relevant experience),Mon;Wed;Fri;Sat,Intensive,2,2,Quarterly Transformation Roadmap,12 Weeks,4,12
RIPPLE_0565,Entrepreneur,Find Investors,Create Investor Pitch Deck & Data Room,1 Week,Intermediate (Built 1-2 small projects / self-taught),Sat;Sun,Intensive,0,0,Rapid Sprint & Habit Kickoff,7 Days,3,9
RIPPLE_0566,Working,Better Work-Life Balance,Daily Routine Reset,3 Months,Beginner (Basic theory / introductory coursework),Sat;Sun,Intensive,2,0,Quarterly Transformation Roadmap,12 Weeks,4,12
RIPPLE_0567,Building My Own Thing,Startup,AI Micro-SaaS Launch,6 Months,Beginner (No prior background),Tue;Thu;Sat;Sun,Intensive,0,0,Comprehensive Mastery & Career Pivot,24 Weeks,4,12
RIPPLE_0568,Entrepreneur,Grow My Business,Scale Revenue by 50%,3 Months,Intermediate (1-2 years relevant experience),Mon;Tue;Wed;Thu;Fri;Sat;Sun,Easy,0,0,Quarterly Transformation Roadmap,12 Weeks,4,12
RIPPLE_0569,Building My Own Thing,Small Business,Local Service Agency Launch,6 Months,Beginner (No prior background),Mon;Wed;Fri;Sat,Easy,0,0,Comprehensive Mastery & Career Pivot,24 Weeks,4,12
RIPPLE_0570,Entrepreneur,Find Investors,Raise $250k Pre-Seed,1 Month,Intermediate (1-2 years relevant experience),Sat;Sun,Hard,0,0,30-Day Milestone Accelerator,4 Weeks,4,12
RIPPLE_0571,High School,Start Working,Resume & Interview Readiness,3 Months,Intermediate (1-2 years relevant experience),Mon;Tue;Wed;Thu;Fri,Hard,0,0,Quarterly Transformation Roadmap,12 Weeks,4,12
RIPPLE_0572,Changing Careers,Learn New Skills,Machine Learning Fundamentals,3 Months,Beginner (No prior background),Mon;Tue;Wed;Thu;Fri;Sat;Sun,Hard,0,0,Quarterly Transformation Roadmap,12 Weeks,4,12
RIPPLE_0573,University Student,Build a Startup,Launch MVP on Campus,3 Months,Beginner (No prior background),Sat;Sun,Moderate,3,3,Quarterly Transformation Roadmap,12 Weeks,4,12
RIPPLE_0574,Working,Change Careers,Transition from Non-Tech to Tech,6 Months,Intermediate (Built 1-2 small projects / self-taught),Mon;Wed;Fri;Sat,Intensive,0,0,Comprehensive Mastery & Career Pivot,24 Weeks,4,12
RIPPLE_0575,University Student,Get a Job,Machine Learning Engineer,1 Week,Beginner (Basic theory / introductory coursework),Mon;Wed;Fri,Intensive,0,0,Rapid Sprint & Habit Kickoff,7 Days,3,9
RIPPLE_0576,Building My Own Thing,Small Business,Local Service Agency Launch,6 Months,"Advanced (3+ years experience, looking to level up)",Sat;Sun,Moderate,3,2,Comprehensive Mastery & Career Pivot,24 Weeks,4,12
RIPPLE_0577,Working,Grow in My Career,Executive Presence & Tech Lead,6 Months,Beginner (Basic theory / introductory coursework),Sat;Sun,Hard,0,0,Comprehensive Mastery & Career Pivot,24 Weeks,4,12
RIPPLE_0578,Changing Careers,Learn New Skills,Modern Full-Stack Javascript/Python,3 Months,Beginner (No prior background),Mon;Wed;Fri,Intensive,0,0,Quarterly Transformation Roadmap,12 Weeks,4,12
RIPPLE_0579,Just Graduated,Freelance,Content Creation & Personal Brand,6 Months,"Advanced (3+ years experience, looking to level up)",Mon;Tue;Wed;Thu;Fri;Sat;Sun,Easy,0,0,Comprehensive Mastery & Career Pivot,24 Weeks,4,12
RIPPLE_0580,Just Graduated,Higher Studies,Statement of Purpose & Reference Letters,1 Week,"Advanced (3+ years experience, looking to level up)",Mon;Tue;Wed;Thu;Fri;Sat;Sun,Hard,0,0,Rapid Sprint & Habit Kickoff,7 Days,3,9
RIPPLE_0581,High School,Start Working,Entry-level Internship,6 Months,Intermediate (1-2 years relevant experience),Mon;Tue;Wed;Thu;Fri;Sat;Sun,Intensive,2,1,Comprehensive Mastery & Career Pivot,24 Weeks,4,12
RIPPLE_0582,Just Graduated,Find a Job,Digital Marketing Specialist,3 Months,"Advanced (3+ years experience, looking to level up)",Mon;Tue;Wed;Thu;Fri,Hard,0,0,Quarterly Transformation Roadmap,12 Weeks,4,12
RIPPLE_0583,Building My Own Thing,Small Business,E-commerce Brand to $5k MRR,3 Months,Intermediate (1-2 years relevant experience),Mon;Wed;Fri;Sat,Easy,0,0,Quarterly Transformation Roadmap,12 Weeks,4,12
RIPPLE_0584,Entrepreneur,Grow My Business,Hire First 3 Core Engineers,1 Month,"Advanced (3+ years experience, looking to level up)",Tue;Thu;Sat;Sun,Hard,2,2,30-Day Milestone Accelerator,4 Weeks,4,12
RIPPLE_0585,Building My Own Thing,Small Business,Local Service Agency Launch,1 Month,Intermediate (Built 1-2 small projects / self-taught),Sat;Sun,Moderate,1,0,30-Day Milestone Accelerator,4 Weeks,4,12
RIPPLE_0586,High School,University,Top Tier CS University Admissions,1 Month,Intermediate (1-2 years relevant experience),Sat;Sun,Intensive,1,0,30-Day Milestone Accelerator,4 Weeks,4,12
RIPPLE_0587,Just Graduated,Freelance,Content Creation & Personal Brand,1 Week,Intermediate (Built 1-2 small projects / self-taught),Mon;Tue;Wed;Thu;Fri,Easy,1,1,Rapid Sprint & Habit Kickoff,7 Days,3,9
RIPPLE_0588,High School,Learn a Skill,Mobile App Development,1 Month,Intermediate (1-2 years relevant experience),Sat;Sun,Intensive,2,1,30-Day Milestone Accelerator,4 Weeks,4,12
RIPPLE_0589,High School,Learn a Skill,Python for Data Analysis,3 Months,"Advanced (3+ years experience, looking to level up)",Mon;Tue;Wed;Thu;Fri,Easy,2,1,Quarterly Transformation Roadmap,12 Weeks,4,12
RIPPLE_0590,High School,University,SAT 1500+ / ACT 34+,6 Months,Intermediate (1-2 years relevant experience),Mon;Wed;Fri,Moderate,1,1,Comprehensive Mastery & Career Pivot,24 Weeks,4,12
RIPPLE_0591,High School,Start Working,Entry-level Internship,1 Week,Beginner (No prior background),Sat;Sun,Easy,0,0,Rapid Sprint & Habit Kickoff,7 Days,3,9
RIPPLE_0592,Changing Careers,Switch Industry,Data Science Career Pivot,6 Months,Intermediate (Built 1-2 small projects / self-taught),Mon;Wed;Fri,Moderate,2,0,Comprehensive Mastery & Career Pivot,24 Weeks,4,12
RIPPLE_0593,University Student,Get a Job,Software Engineering,1 Month,"Advanced (3+ years experience, looking to level up)",Mon;Wed;Fri,Easy,0,0,30-Day Milestone Accelerator,4 Weeks,4,12
RIPPLE_0594,University Student,Higher Studies,Target GPA 3.8+,1 Month,Beginner (No prior background),Tue;Thu;Sat;Sun,Moderate,2,2,30-Day Milestone Accelerator,4 Weeks,4,12
RIPPLE_0595,Entrepreneur,Grow My Business,Product Hunt Launch to #1 Product of Day,3 Months,Intermediate (Built 1-2 small projects / self-taught),Mon;Tue;Wed;Thu;Fri,Moderate,2,1,Quarterly Transformation Roadmap,12 Weeks,4,12
RIPPLE_0596,University Student,Build a Startup,Build SaaS Tool,1 Month,Intermediate (1-2 years relevant experience),Sat;Sun,Easy,0,0,30-Day Milestone Accelerator,4 Weeks,4,12
RIPPLE_0597,Working,Change Careers,Transition to Product Management,6 Months,Beginner (No prior background),Mon;Tue;Wed;Thu;Fri;Sat;Sun,Moderate,3,2,Comprehensive Mastery & Career Pivot,24 Weeks,4,12
RIPPLE_0598,University Student,Get a Job,UI/UX Design,3 Months,Intermediate (1-2 years relevant experience),Sat;Sun,Easy,1,0,Quarterly Transformation Roadmap,12 Weeks,4,12
RIPPLE_0599,Building My Own Thing,Small Business,Local Service Agency Launch,1 Month,Intermediate (Built 1-2 small projects / self-taught),Mon;Tue;Wed;Thu;Fri;Sat;Sun,Intensive,0,0,30-Day Milestone Accelerator,4 Weeks,4,12
RIPPLE_0600,Changing Careers,Learn New Skills,Cloud & DevOps (AWS/Docker),6 Months,Intermediate (1-2 years relevant experience),Mon;Tue;Wed;Thu;Fri;Sat;Sun,Easy,1,1,Comprehensive Mastery & Career Pivot,24 Weeks,4,12
RIPPLE_0601,University Student,Build a Startup,Build SaaS Tool,3 Months,Intermediate (1-2 years relevant experience),Mon;Wed;Fri,Easy,0,0,Quarterly Transformation Roadmap,12 Weeks,4,12
RIPPLE_0602,High School,Start Working,Retail / Admin Experience,1 Week,Intermediate (1-2 years relevant experience),Mon;Wed;Fri,Hard,1,0,Rapid Sprint & Habit Kickoff,7 Days,3,9
RIPPLE_0603,Working,Change Careers,Transition from QA to Dev,6 Months,Beginner (No prior background),Sat;Sun,Hard,0,0,Comprehensive Mastery & Career Pivot,24 Weeks,4,12
RIPPLE_0604,Building My Own Thing,Small Business,E-commerce Brand to $5k MRR,1 Month,Beginner (No prior background),Mon;Tue;Wed;Thu;Fri,Moderate,1,1,30-Day Milestone Accelerator,4 Weeks,4,12
RIPPLE_0605,Entrepreneur,Grow My Business,Hire First 3 Core Engineers,6 Months,Beginner (No prior background),Tue;Thu;Sat;Sun,Easy,0,0,Comprehensive Mastery & Career Pivot,24 Weeks,4,12
RIPPLE_0606,High School,Start Working,Entry-level Internship,6 Months,Beginner (No prior background),Mon;Wed;Fri,Moderate,3,0,Comprehensive Mastery & Career Pivot,24 Weeks,4,12
RIPPLE_0607,University Student,Higher Studies,Target GPA 3.8+,1 Week,Intermediate (1-2 years relevant experience),Mon;Wed;Fri;Sat,Easy,1,0,Rapid Sprint & Habit Kickoff,7 Days,3,9
RIPPLE_0608,Building My Own Thing,Startup,Mobile App with 10k Downloads,1 Week,Intermediate (1-2 years relevant experience),Mon;Tue;Wed;Thu;Fri;Sat;Sun,Moderate,0,0,Rapid Sprint & Habit Kickoff,7 Days,3,9
RIPPLE_0609,Entrepreneur,Find Investors,Raise $250k Pre-Seed,6 Months,"Advanced (3+ years experience, looking to level up)",Mon;Tue;Wed;Thu;Fri,Moderate,1,1,Comprehensive Mastery & Career Pivot,24 Weeks,4,12
RIPPLE_0610,High School,University,Scholarship Strategy,1 Month,Intermediate (Built 1-2 small projects / self-taught),Mon;Tue;Wed;Thu;Fri,Moderate,1,0,30-Day Milestone Accelerator,4 Weeks,4,12
RIPPLE_0611,University Student,Build a Startup,Launch MVP on Campus,6 Months,Beginner (Basic theory / introductory coursework),Mon;Tue;Wed;Thu;Fri;Sat;Sun,Hard,1,0,Comprehensive Mastery & Career Pivot,24 Weeks,4,12
RIPPLE_0612,Changing Careers,Switch Industry,Software Engineering Bootcamp to Job,1 Week,"Advanced (3+ years experience, looking to level up)",Mon;Wed;Fri;Sat,Intensive,0,0,Rapid Sprint & Habit Kickoff,7 Days,3,9
RIPPLE_0613,Working,Grow in My Career,Promotion to Senior Engineer,1 Week,Beginner (Basic theory / introductory coursework),Mon;Wed;Fri,Easy,2,2,Rapid Sprint & Habit Kickoff,7 Days,3,9
RIPPLE_0614,Just Graduated,Freelance,Content Creation & Personal Brand,6 Months,Intermediate (1-2 years relevant experience),Mon;Wed;Fri;Sat,Moderate,0,0,Comprehensive Mastery & Career Pivot,24 Weeks,4,12
RIPPLE_0615,Changing Careers,Switch Industry,Data Science Career Pivot,6 Months,"Advanced (3+ years experience, looking to level up)",Mon;Wed;Fri,Easy,2,0,Comprehensive Mastery & Career Pivot,24 Weeks,4,12
RIPPLE_0616,Changing Careers,Switch Industry,Software Engineering Bootcamp to Job,1 Week,"Advanced (3+ years experience, looking to level up)",Mon;Tue;Wed;Thu;Fri;Sat;Sun,Easy,0,0,Rapid Sprint & Habit Kickoff,7 Days,3,9
RIPPLE_0617,Just Graduated,Higher Studies,Statement of Purpose & Reference Letters,1 Month,Intermediate (Built 1-2 small projects / self-taught),Mon;Wed;Fri;Sat,Easy,0,0,30-Day Milestone Accelerator,4 Weeks,4,12
RIPPLE_0618,Entrepreneur,Find Investors,Create Investor Pitch Deck & Data Room,6 Months,Beginner (Basic theory / introductory coursework),Mon;Wed;Fri,Moderate,0,0,Comprehensive Mastery & Career Pivot,24 Weeks,4,12
RIPPLE_0619,University Student,Build a Startup,Build SaaS Tool,1 Month,Intermediate (1-2 years relevant experience),Tue;Thu;Sat;Sun,Hard,0,0,30-Day Milestone Accelerator,4 Weeks,4,12
RIPPLE_0620,Changing Careers,Switch Industry,Software Engineering Bootcamp to Job,1 Week,Intermediate (1-2 years relevant experience),Mon;Tue;Wed;Thu;Fri,Easy,1,1,Rapid Sprint & Habit Kickoff,7 Days,3,9
RIPPLE_0621,Just Graduated,Freelance,Content Creation & Personal Brand,1 Month,Beginner (No prior background),Mon;Wed;Fri;Sat,Hard,0,0,30-Day Milestone Accelerator,4 Weeks,4,12
RIPPLE_0622,Just Graduated,Freelance,Content Creation & Personal Brand,1 Month,Intermediate (1-2 years relevant experience),Mon;Tue;Wed;Thu;Fri,Moderate,0,0,30-Day Milestone Accelerator,4 Weeks,4,12
RIPPLE_0623,Working,Change Careers,Transition from Non-Tech to Tech,6 Months,Beginner (Basic theory / introductory coursework),Tue;Thu;Sat;Sun,Intensive,1,0,Comprehensive Mastery & Career Pivot,24 Weeks,4,12
RIPPLE_0624,Building My Own Thing,Small Business,Local Service Agency Launch,1 Month,Intermediate (Built 1-2 small projects / self-taught),Mon;Tue;Wed;Thu;Fri,Moderate,0,0,30-Day Milestone Accelerator,4 Weeks,4,12
RIPPLE_0625,High School,University,Top Tier CS University Admissions,6 Months,Intermediate (1-2 years relevant experience),Mon;Wed;Fri;Sat,Intensive,2,2,Comprehensive Mastery & Career Pivot,24 Weeks,4,12
RIPPLE_0626,Changing Careers,Switch Industry,Software Engineering Bootcamp to Job,6 Months,"Advanced (3+ years experience, looking to level up)",Mon;Wed;Fri;Sat,Intensive,3,3,Comprehensive Mastery & Career Pivot,24 Weeks,4,12
RIPPLE_0627,High School,Learn a Skill,Mobile App Development,1 Month,"Advanced (3+ years experience, looking to level up)",Mon;Tue;Wed;Thu;Fri;Sat;Sun,Moderate,0,0,30-Day Milestone Accelerator,4 Weeks,4,12
RIPPLE_0628,Working,Grow in My Career,Promotion to Senior Engineer,6 Months,"Advanced (3+ years experience, looking to level up)",Sat;Sun,Easy,0,0,Comprehensive Mastery & Career Pivot,24 Weeks,4,12
RIPPLE_0629,Working,Change Careers,Transition from Non-Tech to Tech,1 Week,Intermediate (1-2 years relevant experience),Mon;Wed;Fri;Sat,Moderate,2,2,Rapid Sprint & Habit Kickoff,7 Days,3,9
RIPPLE_0630,Working,Higher Salary,Market Benchmark & Negotiation,6 Months,"Advanced (3+ years experience, looking to level up)",Sat;Sun,Easy,0,0,Comprehensive Mastery & Career Pivot,24 Weeks,4,12
RIPPLE_0631,Entrepreneur,Grow My Business,Product Hunt Launch to #1 Product of Day,6 Months,Beginner (No prior background),Sat;Sun,Easy,2,1,Comprehensive Mastery & Career Pivot,24 Weeks,4,12
RIPPLE_0632,Entrepreneur,Grow My Business,Product Hunt Launch to #1 Product of Day,1 Month,Beginner (No prior background),Mon;Wed;Fri,Hard,0,0,30-Day Milestone Accelerator,4 Weeks,4,12
RIPPLE_0633,Changing Careers,Learn New Skills,Machine Learning Fundamentals,1 Week,Intermediate (1-2 years relevant experience),Sat;Sun,Hard,0,0,Rapid Sprint & Habit Kickoff,7 Days,3,9
RIPPLE_0634,High School,Learn a Skill,Full-Stack Web Basics,1 Week,"Advanced (3+ years experience, looking to level up)",Mon;Wed;Fri;Sat,Moderate,2,0,Rapid Sprint & Habit Kickoff,7 Days,3,9
RIPPLE_0635,Building My Own Thing,Small Business,E-commerce Brand to $5k MRR,1 Month,Intermediate (Built 1-2 small projects / self-taught),Tue;Thu;Sat;Sun,Hard,3,2,30-Day Milestone Accelerator,4 Weeks,4,12
RIPPLE_0636,Working,Grow in My Career,Lead Cross-Functional Team,3 Months,Intermediate (1-2 years relevant experience),Mon;Wed;Fri,Hard,0,0,Quarterly Transformation Roadmap,12 Weeks,4,12
RIPPLE_0637,Just Graduated,Higher Studies,Graduate School Applications,1 Week,Intermediate (1-2 years relevant experience),Tue;Thu;Sat;Sun,Moderate,0,0,Rapid Sprint & Habit Kickoff,7 Days,3,9
RIPPLE_0638,University Student,Higher Studies,Research Fellowship Application,1 Week,Beginner (Basic theory / introductory coursework),Mon;Wed;Fri;Sat,Intensive,1,0,Rapid Sprint & Habit Kickoff,7 Days,3,9
RIPPLE_0639,High School,Learn a Skill,Mobile App Development,1 Month,Intermediate (1-2 years relevant experience),Sat;Sun,Hard,3,0,30-Day Milestone Accelerator,4 Weeks,4,12
RIPPLE_0640,University Student,Higher Studies,Research Fellowship Application,6 Months,"Advanced (3+ years experience, looking to level up)",Mon;Wed;Fri,Hard,2,2,Comprehensive Mastery & Career Pivot,24 Weeks,4,12
RIPPLE_0641,High School,Start Working,Entry-level Internship,3 Months,Beginner (Basic theory / introductory coursework),Mon;Wed;Fri;Sat,Hard,3,1,Quarterly Transformation Roadmap,12 Weeks,4,12
RIPPLE_0642,High School,Learn a Skill,Full-Stack Web Basics,1 Month,"Advanced (3+ years experience, looking to level up)",Mon;Wed;Fri;Sat,Hard,1,0,30-Day Milestone Accelerator,4 Weeks,4,12
RIPPLE_0643,Just Graduated,Find a Job,Entry Level Software Engineer,3 Months,"Advanced (3+ years experience, looking to level up)",Sat;Sun,Moderate,2,0,Quarterly Transformation Roadmap,12 Weeks,4,12
RIPPLE_0644,Changing Careers,Switch Industry,Data Science Career Pivot,3 Months,Intermediate (Built 1-2 small projects / self-taught),Tue;Thu;Sat;Sun,Moderate,3,0,Quarterly Transformation Roadmap,12 Weeks,4,12
RIPPLE_0645,University Student,Freelance,Build Client Portfolio,1 Month,Intermediate (1-2 years relevant experience),Mon;Wed;Fri;Sat,Hard,0,0,30-Day Milestone Accelerator,4 Weeks,4,12
RIPPLE_0646,Building My Own Thing,Small Business,Local Service Agency Launch,6 Months,Intermediate (Built 1-2 small projects / self-taught),Mon;Tue;Wed;Thu;Fri;Sat;Sun,Moderate,3,0,Comprehensive Mastery & Career Pivot,24 Weeks,4,12
RIPPLE_0647,Just Graduated,Freelance,Full-time Freelance Agency,3 Months,Beginner (No prior background),Mon;Tue;Wed;Thu;Fri;Sat;Sun,Intensive,1,1,Quarterly Transformation Roadmap,12 Weeks,4,12
RIPPLE_0648,High School,University,Scholarship Strategy,1 Month,"Advanced (3+ years experience, looking to level up)",Tue;Thu;Sat;Sun,Moderate,1,0,30-Day Milestone Accelerator,4 Weeks,4,12
RIPPLE_0649,Changing Careers,Learn New Skills,Modern Full-Stack Javascript/Python,1 Week,"Advanced (3+ years experience, looking to level up)",Mon;Wed;Fri;Sat,Intensive,3,2,Rapid Sprint & Habit Kickoff,7 Days,3,9
RIPPLE_0650,Building My Own Thing,Small Business,Local Service Agency Launch,6 Months,Intermediate (Built 1-2 small projects / self-taught),Tue;Thu;Sat;Sun,Easy,2,1,Comprehensive Mastery & Career Pivot,24 Weeks,4,12
RIPPLE_0651,Just Graduated,Freelance,Content Creation & Personal Brand,6 Months,Intermediate (1-2 years relevant experience),Mon;Wed;Fri;Sat,Hard,3,1,Comprehensive Mastery & Career Pivot,24 Weeks,4,12
RIPPLE_0652,High School,Learn a Skill,Mobile App Development,3 Months,Beginner (No prior background),Mon;Tue;Wed;Thu;Fri,Intensive,0,0,Quarterly Transformation Roadmap,12 Weeks,4,12
RIPPLE_0653,Working,Higher Salary,Target FAANG / Tier 1 Tech Offer,1 Month,"Advanced (3+ years experience, looking to level up)",Mon;Wed;Fri,Intensive,1,0,30-Day Milestone Accelerator,4 Weeks,4,12
RIPPLE_0654,Entrepreneur,Grow My Business,Hire First 3 Core Engineers,6 Months,Beginner (No prior background),Mon;Tue;Wed;Thu;Fri;Sat;Sun,Hard,2,2,Comprehensive Mastery & Career Pivot,24 Weeks,4,12
RIPPLE_0655,University Student,Get a Job,Frontend Development,3 Months,Intermediate (Built 1-2 small projects / self-taught),Mon;Tue;Wed;Thu;Fri,Intensive,2,1,Quarterly Transformation Roadmap,12 Weeks,4,12
RIPPLE_0656,University Student,Get a Job,Cybersecurity Analyst,3 Months,Intermediate (1-2 years relevant experience),Mon;Tue;Wed;Thu;Fri;Sat;Sun,Easy,0,0,Quarterly Transformation Roadmap,12 Weeks,4,12
RIPPLE_0657,Changing Careers,Learn New Skills,Cloud & DevOps (AWS/Docker),6 Months,Beginner (No prior background),Mon;Tue;Wed;Thu;Fri;Sat;Sun,Hard,0,0,Comprehensive Mastery & Career Pivot,24 Weeks,4,12
RIPPLE_0658,Entrepreneur,Grow My Business,Scale Revenue by 50%,1 Week,Beginner (Basic theory / introductory coursework),Sat;Sun,Hard,1,0,Rapid Sprint & Habit Kickoff,7 Days,3,9
RIPPLE_0659,University Student,Build a Startup,Build SaaS Tool,6 Months,Intermediate (Built 1-2 small projects / self-taught),Tue;Thu;Sat;Sun,Easy,2,2,Comprehensive Mastery & Career Pivot,24 Weeks,4,12
RIPPLE_0660,Entrepreneur,Find Investors,Raise $250k Pre-Seed,3 Months,Intermediate (Built 1-2 small projects / self-taught),Tue;Thu;Sat;Sun,Hard,2,2,Quarterly Transformation Roadmap,12 Weeks,4,12
RIPPLE_0661,University Student,Higher Studies,Research Fellowship Application,3 Months,Intermediate (1-2 years relevant experience),Tue;Thu;Sat;Sun,Intensive,1,0,Quarterly Transformation Roadmap,12 Weeks,4,12
RIPPLE_0662,Just Graduated,Freelance,Full-time Freelance Agency,1 Month,"Advanced (3+ years experience, looking to level up)",Sat;Sun,Easy,0,0,30-Day Milestone Accelerator,4 Weeks,4,12
RIPPLE_0663,University Student,Freelance,Build Client Portfolio,3 Months,Intermediate (Built 1-2 small projects / self-taught),Sat;Sun,Moderate,2,0,Quarterly Transformation Roadmap,12 Weeks,4,12
RIPPLE_0664,Building My Own Thing,Startup,B2B SaaS to First 10 Customers,1 Month,Beginner (Basic theory / introductory coursework),Tue;Thu;Sat;Sun,Moderate,1,0,30-Day Milestone Accelerator,4 Weeks,4,12
RIPPLE_0665,University Student,Freelance,Earn First $1k Freelancing,1 Week,Beginner (No prior background),Sat;Sun,Easy,3,0,Rapid Sprint & Habit Kickoff,7 Days,3,9
RIPPLE_0666,Entrepreneur,Find Investors,Create Investor Pitch Deck & Data Room,1 Week,Intermediate (Built 1-2 small projects / self-taught),Mon;Tue;Wed;Thu;Fri,Easy,2,0,Rapid Sprint & Habit Kickoff,7 Days,3,9
RIPPLE_0667,Changing Careers,Switch Industry,Data Science Career Pivot,1 Month,Beginner (Basic theory / introductory coursework),Mon;Tue;Wed;Thu;Fri,Hard,0,0,30-Day Milestone Accelerator,4 Weeks,4,12
RIPPLE_0668,Just Graduated,Freelance,Content Creation & Personal Brand,3 Months,Intermediate (Built 1-2 small projects / self-taught),Mon;Tue;Wed;Thu;Fri;Sat;Sun,Moderate,1,0,Quarterly Transformation Roadmap,12 Weeks,4,12
RIPPLE_0669,University Student,Get a Job,UI/UX Design,1 Month,Beginner (Basic theory / introductory coursework),Mon;Wed;Fri;Sat,Hard,0,0,30-Day Milestone Accelerator,4 Weeks,4,12
RIPPLE_0670,Building My Own Thing,Startup,B2B SaaS to First 10 Customers,6 Months,Intermediate (Built 1-2 small projects / self-taught),Sat;Sun,Moderate,0,0,Comprehensive Mastery & Career Pivot,24 Weeks,4,12
RIPPLE_0671,Just Graduated,Higher Studies,Scholarship Hunt,6 Months,Beginner (Basic theory / introductory coursework),Sat;Sun,Moderate,0,0,Comprehensive Mastery & Career Pivot,24 Weeks,4,12
RIPPLE_0672,Entrepreneur,Grow My Business,Scale Revenue by 50%,6 Months,Beginner (No prior background),Sat;Sun,Moderate,2,2,Comprehensive Mastery & Career Pivot,24 Weeks,4,12
RIPPLE_0673,High School,Learn a Skill,Full-Stack Web Basics,6 Months,Intermediate (Built 1-2 small projects / self-taught),Mon;Tue;Wed;Thu;Fri;Sat;Sun,Intensive,2,2,Comprehensive Mastery & Career Pivot,24 Weeks,4,12
RIPPLE_0674,Entrepreneur,Grow My Business,Scale Revenue by 50%,1 Week,Intermediate (1-2 years relevant experience),Mon;Wed;Fri;Sat,Hard,0,0,Rapid Sprint & Habit Kickoff,7 Days,3,9
RIPPLE_0675,Building My Own Thing,Small Business,E-commerce Brand to $5k MRR,6 Months,Intermediate (1-2 years relevant experience),Mon;Tue;Wed;Thu;Fri,Easy,1,1,Comprehensive Mastery & Career Pivot,24 Weeks,4,12
RIPPLE_0676,Building My Own Thing,Startup,B2B SaaS to First 10 Customers,3 Months,Beginner (Basic theory / introductory coursework),Mon;Wed;Fri;Sat,Hard,3,3,Quarterly Transformation Roadmap,12 Weeks,4,12
RIPPLE_0677,High School,Learn a Skill,Mobile App Development,6 Months,Intermediate (1-2 years relevant experience),Mon;Wed;Fri;Sat,Hard,0,0,Comprehensive Mastery & Career Pivot,24 Weeks,4,12
RIPPLE_0678,Working,Better Work-Life Balance,Daily Routine Reset,1 Month,Beginner (No prior background),Mon;Wed;Fri,Easy,0,0,30-Day Milestone Accelerator,4 Weeks,4,12
RIPPLE_0679,Entrepreneur,Find Investors,Create Investor Pitch Deck & Data Room,1 Week,Beginner (Basic theory / introductory coursework),Mon;Tue;Wed;Thu;Fri;Sat;Sun,Intensive,2,2,Rapid Sprint & Habit Kickoff,7 Days,3,9
RIPPLE_0680,Building My Own Thing,Small Business,Local Service Agency Launch,1 Month,Intermediate (Built 1-2 small projects / self-taught),Sat;Sun,Intensive,2,2,30-Day Milestone Accelerator,4 Weeks,4,12
RIPPLE_0681,Working,Grow in My Career,Lead Cross-Functional Team,6 Months,Intermediate (Built 1-2 small projects / self-taught),Sat;Sun,Intensive,0,0,Comprehensive Mastery & Career Pivot,24 Weeks,4,12
RIPPLE_0682,Changing Careers,Learn New Skills,Modern Full-Stack Javascript/Python,1 Month,Intermediate (1-2 years relevant experience),Mon;Wed;Fri;Sat,Intensive,2,0,30-Day Milestone Accelerator,4 Weeks,4,12
RIPPLE_0683,Changing Careers,Learn New Skills,Modern Full-Stack Javascript/Python,6 Months,Intermediate (1-2 years relevant experience),Mon;Tue;Wed;Thu;Fri;Sat;Sun,Moderate,0,0,Comprehensive Mastery & Career Pivot,24 Weeks,4,12
RIPPLE_0684,Working,Higher Salary,Target FAANG / Tier 1 Tech Offer,6 Months,"Advanced (3+ years experience, looking to level up)",Tue;Thu;Sat;Sun,Hard,0,0,Comprehensive Mastery & Career Pivot,24 Weeks,4,12
RIPPLE_0685,Changing Careers,Switch Industry,Software Engineering Bootcamp to Job,3 Months,Intermediate (Built 1-2 small projects / self-taught),Mon;Wed;Fri,Easy,2,1,Quarterly Transformation Roadmap,12 Weeks,4,12
RIPPLE_0686,High School,Learn a Skill,Python for Data Analysis,1 Week,Beginner (Basic theory / introductory coursework),Mon;Wed;Fri;Sat,Moderate,0,0,Rapid Sprint & Habit Kickoff,7 Days,3,9
RIPPLE_0687,Building My Own Thing,Startup,Mobile App with 10k Downloads,1 Week,Intermediate (Built 1-2 small projects / self-taught),Mon;Tue;Wed;Thu;Fri,Moderate,2,2,Rapid Sprint & Habit Kickoff,7 Days,3,9
RIPPLE_0688,High School,University,Scholarship Strategy,6 Months,"Advanced (3+ years experience, looking to level up)",Tue;Thu;Sat;Sun,Easy,0,0,Comprehensive Mastery & Career Pivot,24 Weeks,4,12
RIPPLE_0689,Changing Careers,Switch Industry,Product Management Transition,1 Week,Beginner (Basic theory / introductory coursework),Sat;Sun,Hard,2,1,Rapid Sprint & Habit Kickoff,7 Days,3,9
RIPPLE_0690,Just Graduated,Higher Studies,Statement of Purpose & Reference Letters,1 Week,"Advanced (3+ years experience, looking to level up)",Tue;Thu;Sat;Sun,Moderate,2,2,Rapid Sprint & Habit Kickoff,7 Days,3,9
RIPPLE_0691,Changing Careers,Switch Industry,Data Science Career Pivot,1 Week,"Advanced (3+ years experience, looking to level up)",Tue;Thu;Sat;Sun,Hard,0,0,Rapid Sprint & Habit Kickoff,7 Days,3,9
RIPPLE_0692,Changing Careers,Learn New Skills,Cloud & DevOps (AWS/Docker),1 Month,Intermediate (Built 1-2 small projects / self-taught),Mon;Wed;Fri,Easy,2,1,30-Day Milestone Accelerator,4 Weeks,4,12
RIPPLE_0693,Just Graduated,Higher Studies,Scholarship Hunt,3 Months,"Advanced (3+ years experience, looking to level up)",Mon;Wed;Fri,Intensive,1,0,Quarterly Transformation Roadmap,12 Weeks,4,12
RIPPLE_0694,Changing Careers,Learn New Skills,Machine Learning Fundamentals,6 Months,Intermediate (Built 1-2 small projects / self-taught),Mon;Tue;Wed;Thu;Fri;Sat;Sun,Intensive,0,0,Comprehensive Mastery & Career Pivot,24 Weeks,4,12
RIPPLE_0695,Changing Careers,Switch Industry,Product Management Transition,6 Months,Beginner (Basic theory / introductory coursework),Mon;Wed;Fri;Sat,Moderate,0,0,Comprehensive Mastery & Career Pivot,24 Weeks,4,12
RIPPLE_0696,High School,University,Scholarship Strategy,1 Month,Intermediate (1-2 years relevant experience),Tue;Thu;Sat;Sun,Hard,1,0,30-Day Milestone Accelerator,4 Weeks,4,12
RIPPLE_0697,Working,Change Careers,Transition from Non-Tech to Tech,1 Month,Beginner (Basic theory / introductory coursework),Mon;Wed;Fri;Sat,Easy,0,0,30-Day Milestone Accelerator,4 Weeks,4,12
RIPPLE_0698,Changing Careers,Learn New Skills,Cloud & DevOps (AWS/Docker),1 Week,Beginner (Basic theory / introductory coursework),Tue;Thu;Sat;Sun,Moderate,1,1,Rapid Sprint & Habit Kickoff,7 Days,3,9
RIPPLE_0699,Building My Own Thing,Startup,AI Micro-SaaS Launch,1 Week,Intermediate (1-2 years relevant experience),Mon;Tue;Wed;Thu;Fri,Easy,0,0,Rapid Sprint & Habit Kickoff,7 Days,3,9
RIPPLE_0700,High School,Start Working,Retail / Admin Experience,1 Week,Intermediate (1-2 years relevant experience),Mon;Wed;Fri,Hard,0,0,Rapid Sprint & Habit Kickoff,7 Days,3,9
RIPPLE_0701,Working,Change Careers,Transition from Non-Tech to Tech,1 Week,"Advanced (3+ years experience, looking to level up)",Mon;Tue;Wed;Thu;Fri;Sat;Sun,Easy,2,0,Rapid Sprint & Habit Kickoff,7 Days,3,9
RIPPLE_0702,Changing Careers,Switch Industry,Product Management Transition,3 Months,"Advanced (3+ years experience, looking to level up)",Mon;Wed;Fri,Intensive,1,0,Quarterly Transformation Roadmap,12 Weeks,4,12
RIPPLE_0703,Just Graduated,Find a Job,Junior Product Manager,1 Month,Intermediate (Built 1-2 small projects / self-taught),Sat;Sun,Intensive,0,0,30-Day Milestone Accelerator,4 Weeks,4,12
RIPPLE_0704,Working,Higher Salary,Market Benchmark & Negotiation,3 Months,"Advanced (3+ years experience, looking to level up)",Sat;Sun,Intensive,1,0,Quarterly Transformation Roadmap,12 Weeks,4,12
RIPPLE_0705,High School,Learn a Skill,Mobile App Development,3 Months,Intermediate (Built 1-2 small projects / self-taught),Mon;Wed;Fri,Easy,0,0,Quarterly Transformation Roadmap,12 Weeks,4,12
RIPPLE_0706,Entrepreneur,Find Investors,Raise $250k Pre-Seed,3 Months,"Advanced (3+ years experience, looking to level up)",Tue;Thu;Sat;Sun,Intensive,2,0,Quarterly Transformation Roadmap,12 Weeks,4,12
RIPPLE_0707,Entrepreneur,Grow My Business,Hire First 3 Core Engineers,1 Week,Intermediate (1-2 years relevant experience),Tue;Thu;Sat;Sun,Hard,0,0,Rapid Sprint & Habit Kickoff,7 Days,3,9
RIPPLE_0708,Entrepreneur,Find Investors,Create Investor Pitch Deck & Data Room,1 Month,Beginner (Basic theory / introductory coursework),Mon;Wed;Fri,Intensive,2,1,30-Day Milestone Accelerator,4 Weeks,4,12
RIPPLE_0709,Entrepreneur,Grow My Business,Hire First 3 Core Engineers,6 Months,Intermediate (Built 1-2 small projects / self-taught),Mon;Tue;Wed;Thu;Fri,Intensive,1,0,Comprehensive Mastery & Career Pivot,24 Weeks,4,12
RIPPLE_0710,High School,Learn a Skill,Mobile App Development,3 Months,Intermediate (1-2 years relevant experience),Mon;Tue;Wed;Thu;Fri,Easy,1,0,Quarterly Transformation Roadmap,12 Weeks,4,12
RIPPLE_0711,University Student,Freelance,Top Rated Freelancer on Upwork,3 Months,Intermediate (Built 1-2 small projects / self-taught),Mon;Tue;Wed;Thu;Fri,Easy,1,0,Quarterly Transformation Roadmap,12 Weeks,4,12
RIPPLE_0712,Entrepreneur,Grow My Business,Hire First 3 Core Engineers,6 Months,Intermediate (1-2 years relevant experience),Tue;Thu;Sat;Sun,Moderate,0,0,Comprehensive Mastery & Career Pivot,24 Weeks,4,12
RIPPLE_0713,Entrepreneur,Grow My Business,Hire First 3 Core Engineers,1 Month,Beginner (No prior background),Tue;Thu;Sat;Sun,Intensive,1,1,30-Day Milestone Accelerator,4 Weeks,4,12
RIPPLE_0714,University Student,Get a Job,UI/UX Design,1 Month,Beginner (No prior background),Mon;Wed;Fri;Sat,Intensive,2,1,30-Day Milestone Accelerator,4 Weeks,4,12
RIPPLE_0715,Changing Careers,Learn New Skills,Machine Learning Fundamentals,1 Week,Intermediate (Built 1-2 small projects / self-taught),Mon;Tue;Wed;Thu;Fri;Sat;Sun,Moderate,0,0,Rapid Sprint & Habit Kickoff,7 Days,3,9
RIPPLE_0716,University Student,Freelance,Build Client Portfolio,6 Months,Beginner (No prior background),Mon;Wed;Fri,Moderate,1,1,Comprehensive Mastery & Career Pivot,24 Weeks,4,12
RIPPLE_0717,Building My Own Thing,Small Business,Local Service Agency Launch,1 Month,Intermediate (1-2 years relevant experience),Mon;Tue;Wed;Thu;Fri;Sat;Sun,Moderate,1,0,30-Day Milestone Accelerator,4 Weeks,4,12
RIPPLE_0718,Working,Change Careers,Transition from QA to Dev,1 Month,Beginner (No prior background),Tue;Thu;Sat;Sun,Hard,0,0,30-Day Milestone Accelerator,4 Weeks,4,12
RIPPLE_0719,Working,Change Careers,Transition from QA to Dev,6 Months,Beginner (No prior background),Sat;Sun,Easy,1,1,Comprehensive Mastery & Career Pivot,24 Weeks,4,12
RIPPLE_0720,Building My Own Thing,Small Business,Local Service Agency Launch,3 Months,Beginner (No prior background),Mon;Tue;Wed;Thu;Fri;Sat;Sun,Easy,0,0,Quarterly Transformation Roadmap,12 Weeks,4,12
RIPPLE_0721,University Student,Build a Startup,Launch MVP on Campus,6 Months,Intermediate (Built 1-2 small projects / self-taught),Mon;Tue;Wed;Thu;Fri,Easy,2,1,Comprehensive Mastery & Career Pivot,24 Weeks,4,12
RIPPLE_0722,Building My Own Thing,Small Business,E-commerce Brand to $5k MRR,1 Week,"Advanced (3+ years experience, looking to level up)",Tue;Thu;Sat;Sun,Moderate,1,1,Rapid Sprint & Habit Kickoff,7 Days,3,9
RIPPLE_0723,Working,Change Careers,Transition from Non-Tech to Tech,3 Months,"Advanced (3+ years experience, looking to level up)",Mon;Wed;Fri;Sat,Intensive,2,0,Quarterly Transformation Roadmap,12 Weeks,4,12
RIPPLE_0724,Just Graduated,Higher Studies,Scholarship Hunt,3 Months,Intermediate (1-2 years relevant experience),Tue;Thu;Sat;Sun,Hard,2,1,Quarterly Transformation Roadmap,12 Weeks,4,12
RIPPLE_0725,High School,Start Working,Retail / Admin Experience,1 Month,"Advanced (3+ years experience, looking to level up)",Mon;Tue;Wed;Thu;Fri,Intensive,1,0,30-Day Milestone Accelerator,4 Weeks,4,12
RIPPLE_0726,Just Graduated,Find a Job,Entry Level Software Engineer,6 Months,Intermediate (Built 1-2 small projects / self-taught),Mon;Wed;Fri,Moderate,3,0,Comprehensive Mastery & Career Pivot,24 Weeks,4,12
RIPPLE_0727,Working,Higher Salary,Target FAANG / Tier 1 Tech Offer,6 Months,Intermediate (1-2 years relevant experience),Mon;Wed;Fri,Easy,1,1,Comprehensive Mastery & Career Pivot,24 Weeks,4,12
RIPPLE_0728,Just Graduated,Higher Studies,Graduate School Applications,1 Month,"Advanced (3+ years experience, looking to level up)",Mon;Tue;Wed;Thu;Fri;Sat;Sun,Hard,0,0,30-Day Milestone Accelerator,4 Weeks,4,12
RIPPLE_0729,University Student,Higher Studies,Target GPA 3.8+,1 Week,Beginner (Basic theory / introductory coursework),Mon;Wed;Fri,Intensive,0,0,Rapid Sprint & Habit Kickoff,7 Days,3,9
RIPPLE_0730,High School,University,SAT 1500+ / ACT 34+,1 Week,Intermediate (1-2 years relevant experience),Mon;Tue;Wed;Thu;Fri;Sat;Sun,Hard,0,0,Rapid Sprint & Habit Kickoff,7 Days,3,9
RIPPLE_0731,Entrepreneur,Grow My Business,Scale Revenue by 50%,1 Week,Beginner (No prior background),Mon;Wed;Fri,Intensive,3,2,Rapid Sprint & Habit Kickoff,7 Days,3,9
RIPPLE_0732,High School,Start Working,Resume & Interview Readiness,1 Month,Beginner (Basic theory / introductory coursework),Mon;Wed;Fri,Easy,2,2,30-Day Milestone Accelerator,4 Weeks,4,12
RIPPLE_0733,University Student,Freelance,Build Client Portfolio,1 Month,Beginner (Basic theory / introductory coursework),Mon;Tue;Wed;Thu;Fri,Intensive,0,0,30-Day Milestone Accelerator,4 Weeks,4,12
RIPPLE_0734,Entrepreneur,Find Investors,Raise $250k Pre-Seed,6 Months,Intermediate (1-2 years relevant experience),Mon;Wed;Fri,Hard,1,1,Comprehensive Mastery & Career Pivot,24 Weeks,4,12
RIPPLE_0735,Entrepreneur,Grow My Business,Product Hunt Launch to #1 Product of Day,3 Months,"Advanced (3+ years experience, looking to level up)",Tue;Thu;Sat;Sun,Moderate,0,0,Quarterly Transformation Roadmap,12 Weeks,4,12
RIPPLE_0736,Entrepreneur,Grow My Business,Product Hunt Launch to #1 Product of Day,1 Month,Intermediate (1-2 years relevant experience),Sat;Sun,Intensive,3,3,30-Day Milestone Accelerator,4 Weeks,4,12
RIPPLE_0737,Building My Own Thing,Small Business,E-commerce Brand to $5k MRR,1 Week,"Advanced (3+ years experience, looking to level up)",Sat;Sun,Hard,1,1,Rapid Sprint & Habit Kickoff,7 Days,3,9
RIPPLE_0738,High School,Learn a Skill,Python for Data Analysis,1 Week,Intermediate (1-2 years relevant experience),Mon;Wed;Fri;Sat,Hard,1,0,Rapid Sprint & Habit Kickoff,7 Days,3,9
RIPPLE_0739,Changing Careers,Learn New Skills,Cloud & DevOps (AWS/Docker),1 Week,"Advanced (3+ years experience, looking to level up)",Mon;Tue;Wed;Thu;Fri,Easy,0,0,Rapid Sprint & Habit Kickoff,7 Days,3,9
RIPPLE_0740,Changing Careers,Learn New Skills,Cloud & DevOps (AWS/Docker),1 Week,Intermediate (1-2 years relevant experience),Tue;Thu;Sat;Sun,Hard,0,0,Rapid Sprint & Habit Kickoff,7 Days,3,9
RIPPLE_0741,Entrepreneur,Find Investors,Raise $250k Pre-Seed,6 Months,Beginner (Basic theory / introductory coursework),Sat;Sun,Moderate,0,0,Comprehensive Mastery & Career Pivot,24 Weeks,4,12
RIPPLE_0742,University Student,Freelance,Earn First $1k Freelancing,3 Months,Intermediate (Built 1-2 small projects / self-taught),Mon;Wed;Fri,Intensive,0,0,Quarterly Transformation Roadmap,12 Weeks,4,12
RIPPLE_0743,Entrepreneur,Find Investors,Raise $250k Pre-Seed,1 Month,Beginner (No prior background),Mon;Wed;Fri,Hard,0,0,30-Day Milestone Accelerator,4 Weeks,4,12
RIPPLE_0744,Working,Grow in My Career,Promotion to Senior Engineer,6 Months,Beginner (No prior background),Mon;Wed;Fri;Sat,Easy,0,0,Comprehensive Mastery & Career Pivot,24 Weeks,4,12
RIPPLE_0745,High School,Start Working,Resume & Interview Readiness,3 Months,Intermediate (1-2 years relevant experience),Mon;Tue;Wed;Thu;Fri,Hard,1,0,Quarterly Transformation Roadmap,12 Weeks,4,12
RIPPLE_0746,Just Graduated,Find a Job,Entry Level Software Engineer,1 Month,Beginner (No prior background),Sat;Sun,Moderate,1,1,30-Day Milestone Accelerator,4 Weeks,4,12
RIPPLE_0747,University Student,Build a Startup,Build SaaS Tool,1 Month,Intermediate (1-2 years relevant experience),Mon;Tue;Wed;Thu;Fri,Intensive,0,0,30-Day Milestone Accelerator,4 Weeks,4,12
RIPPLE_0748,Just Graduated,Find a Job,QA Automation Engineer,6 Months,Intermediate (1-2 years relevant experience),Sat;Sun,Easy,1,1,Comprehensive Mastery & Career Pivot,24 Weeks,4,12
RIPPLE_0749,University Student,Build a Startup,Launch MVP on Campus,1 Week,Intermediate (1-2 years relevant experience),Sat;Sun,Intensive,2,1,Rapid Sprint & Habit Kickoff,7 Days,3,9
RIPPLE_0750,Changing Careers,Learn New Skills,Machine Learning Fundamentals,1 Week,"Advanced (3+ years experience, looking to level up)",Sat;Sun,Easy,2,1,Rapid Sprint & Habit Kickoff,7 Days,3,9
RIPPLE_0751,Working,Grow in My Career,Lead Cross-Functional Team,3 Months,Intermediate (1-2 years relevant experience),Mon;Tue;Wed;Thu;Fri,Intensive,1,0,Quarterly Transformation Roadmap,12 Weeks,4,12
RIPPLE_0752,Working,Higher Salary,Target FAANG / Tier 1 Tech Offer,1 Month,"Advanced (3+ years experience, looking to level up)",Mon;Tue;Wed;Thu;Fri;Sat;Sun,Moderate,0,0,30-Day Milestone Accelerator,4 Weeks,4,12
RIPPLE_0753,Just Graduated,Higher Studies,Statement of Purpose & Reference Letters,6 Months,Intermediate (1-2 years relevant experience),Sat;Sun,Hard,0,0,Comprehensive Mastery & Career Pivot,24 Weeks,4,12
RIPPLE_0754,Just Graduated,Higher Studies,Statement of Purpose & Reference Letters,1 Week,Intermediate (1-2 years relevant experience),Mon;Wed;Fri;Sat,Moderate,1,1,Rapid Sprint & Habit Kickoff,7 Days,3,9
RIPPLE_0755,Entrepreneur,Grow My Business,Hire First 3 Core Engineers,3 Months,Beginner (Basic theory / introductory coursework),Mon;Tue;Wed;Thu;Fri;Sat;Sun,Moderate,0,0,Quarterly Transformation Roadmap,12 Weeks,4,12
RIPPLE_0756,University Student,Build a Startup,Build SaaS Tool,3 Months,Beginner (Basic theory / introductory coursework),Mon;Tue;Wed;Thu;Fri;Sat;Sun,Moderate,0,0,Quarterly Transformation Roadmap,12 Weeks,4,12
RIPPLE_0757,Entrepreneur,Find Investors,Create Investor Pitch Deck & Data Room,6 Months,Beginner (No prior background),Mon;Tue;Wed;Thu;Fri,Moderate,1,1,Comprehensive Mastery & Career Pivot,24 Weeks,4,12
RIPPLE_0758,Entrepreneur,Grow My Business,Scale Revenue by 50%,3 Months,Beginner (Basic theory / introductory coursework),Mon;Wed;Fri,Easy,0,0,Quarterly Transformation Roadmap,12 Weeks,4,12
RIPPLE_0759,Working,Better Work-Life Balance,Daily Routine Reset,1 Week,"Advanced (3+ years experience, looking to level up)",Mon;Tue;Wed;Thu;Fri;Sat;Sun,Easy,0,0,Rapid Sprint & Habit Kickoff,7 Days,3,9
RIPPLE_0760,Changing Careers,Switch Industry,Software Engineering Bootcamp to Job,1 Week,Beginner (Basic theory / introductory coursework),Mon;Wed;Fri;Sat,Hard,2,1,Rapid Sprint & Habit Kickoff,7 Days,3,9
RIPPLE_0761,Just Graduated,Freelance,Content Creation & Personal Brand,3 Months,Beginner (Basic theory / introductory coursework),Mon;Wed;Fri;Sat,Easy,3,3,Quarterly Transformation Roadmap,12 Weeks,4,12
RIPPLE_0762,University Student,Build a Startup,Build SaaS Tool,6 Months,Intermediate (Built 1-2 small projects / self-taught),Mon;Wed;Fri;Sat,Moderate,3,3,Comprehensive Mastery & Career Pivot,24 Weeks,4,12
RIPPLE_0763,University Student,Freelance,Top Rated Freelancer on Upwork,1 Week,"Advanced (3+ years experience, looking to level up)",Mon;Tue;Wed;Thu;Fri,Easy,2,0,Rapid Sprint & Habit Kickoff,7 Days,3,9
RIPPLE_0764,Working,Grow in My Career,Lead Cross-Functional Team,1 Week,Beginner (Basic theory / introductory coursework),Mon;Wed;Fri,Easy,0,0,Rapid Sprint & Habit Kickoff,7 Days,3,9
RIPPLE_0765,Building My Own Thing,Small Business,Local Service Agency Launch,3 Months,Beginner (No prior background),Mon;Tue;Wed;Thu;Fri;Sat;Sun,Hard,1,1,Quarterly Transformation Roadmap,12 Weeks,4,12
RIPPLE_0766,Changing Careers,Learn New Skills,Modern Full-Stack Javascript/Python,3 Months,Intermediate (1-2 years relevant experience),Tue;Thu;Sat;Sun,Moderate,0,0,Quarterly Transformation Roadmap,12 Weeks,4,12
RIPPLE_0767,University Student,Build a Startup,Build SaaS Tool,1 Month,"Advanced (3+ years experience, looking to level up)",Mon;Wed;Fri;Sat,Hard,0,0,30-Day Milestone Accelerator,4 Weeks,4,12
RIPPLE_0768,Changing Careers,Learn New Skills,Modern Full-Stack Javascript/Python,3 Months,Beginner (Basic theory / introductory coursework),Mon;Tue;Wed;Thu;Fri,Easy,2,2,Quarterly Transformation Roadmap,12 Weeks,4,12
RIPPLE_0769,Building My Own Thing,Startup,Mobile App with 10k Downloads,3 Months,"Advanced (3+ years experience, looking to level up)",Mon;Tue;Wed;Thu;Fri,Hard,0,0,Quarterly Transformation Roadmap,12 Weeks,4,12
RIPPLE_0770,Entrepreneur,Find Investors,Create Investor Pitch Deck & Data Room,3 Months,"Advanced (3+ years experience, looking to level up)",Sat;Sun,Easy,2,2,Quarterly Transformation Roadmap,12 Weeks,4,12
RIPPLE_0771,High School,Learn a Skill,Mobile App Development,1 Month,Intermediate (1-2 years relevant experience),Mon;Tue;Wed;Thu;Fri,Moderate,2,1,30-Day Milestone Accelerator,4 Weeks,4,12
RIPPLE_0772,University Student,Higher Studies,Target GPA 3.8+,6 Months,Beginner (No prior background),Mon;Tue;Wed;Thu;Fri,Easy,3,3,Comprehensive Mastery & Career Pivot,24 Weeks,4,12
RIPPLE_0773,Changing Careers,Learn New Skills,Cloud & DevOps (AWS/Docker),6 Months,Intermediate (1-2 years relevant experience),Mon;Wed;Fri,Intensive,3,1,Comprehensive Mastery & Career Pivot,24 Weeks,4,12
RIPPLE_0774,Building My Own Thing,Small Business,E-commerce Brand to $5k MRR,1 Week,Beginner (Basic theory / introductory coursework),Sat;Sun,Intensive,0,0,Rapid Sprint & Habit Kickoff,7 Days,3,9
RIPPLE_0775,Building My Own Thing,Startup,AI Micro-SaaS Launch,3 Months,Beginner (No prior background),Mon;Tue;Wed;Thu;Fri,Intensive,0,0,Quarterly Transformation Roadmap,12 Weeks,4,12
RIPPLE_0776,High School,Start Working,Retail / Admin Experience,1 Week,"Advanced (3+ years experience, looking to level up)",Mon;Tue;Wed;Thu;Fri,Moderate,2,1,Rapid Sprint & Habit Kickoff,7 Days,3,9
RIPPLE_0777,Working,Grow in My Career,Promotion to Senior Engineer,1 Month,"Advanced (3+ years experience, looking to level up)",Mon;Tue;Wed;Thu;Fri,Intensive,2,0,30-Day Milestone Accelerator,4 Weeks,4,12
RIPPLE_0778,Entrepreneur,Grow My Business,Scale Revenue by 50%,1 Week,"Advanced (3+ years experience, looking to level up)",Mon;Tue;Wed;Thu;Fri,Hard,0,0,Rapid Sprint & Habit Kickoff,7 Days,3,9
RIPPLE_0779,Working,Better Work-Life Balance,Deep Work Systems & Burnout Recovery,6 Months,Intermediate (Built 1-2 small projects / self-taught),Sat;Sun,Intensive,1,1,Comprehensive Mastery & Career Pivot,24 Weeks,4,12
RIPPLE_0780,Building My Own Thing,Small Business,E-commerce Brand to $5k MRR,3 Months,Beginner (No prior background),Sat;Sun,Intensive,1,1,Quarterly Transformation Roadmap,12 Weeks,4,12
RIPPLE_0781,Building My Own Thing,Small Business,Local Service Agency Launch,1 Week,Beginner (Basic theory / introductory coursework),Mon;Tue;Wed;Thu;Fri;Sat;Sun,Easy,2,2,Rapid Sprint & Habit Kickoff,7 Days,3,9
RIPPLE_0782,Changing Careers,Switch Industry,Data Science Career Pivot,1 Month,Intermediate (1-2 years relevant experience),Mon;Tue;Wed;Thu;Fri,Easy,1,1,30-Day Milestone Accelerator,4 Weeks,4,12
RIPPLE_0783,Just Graduated,Freelance,Content Creation & Personal Brand,1 Week,"Advanced (3+ years experience, looking to level up)",Sat;Sun,Hard,0,0,Rapid Sprint & Habit Kickoff,7 Days,3,9
RIPPLE_0784,Working,Grow in My Career,Lead Cross-Functional Team,6 Months,Beginner (Basic theory / introductory coursework),Mon;Tue;Wed;Thu;Fri,Intensive,2,0,Comprehensive Mastery & Career Pivot,24 Weeks,4,12
RIPPLE_0785,University Student,Get a Job,UI/UX Design,1 Month,Intermediate (Built 1-2 small projects / self-taught),Mon;Wed;Fri;Sat,Moderate,2,1,30-Day Milestone Accelerator,4 Weeks,4,12
RIPPLE_0786,Building My Own Thing,Startup,B2B SaaS to First 10 Customers,3 Months,Beginner (Basic theory / introductory coursework),Mon;Wed;Fri,Easy,0,0,Quarterly Transformation Roadmap,12 Weeks,4,12
RIPPLE_0787,High School,Learn a Skill,Full-Stack Web Basics,3 Months,Beginner (Basic theory / introductory coursework),Tue;Thu;Sat;Sun,Intensive,2,0,Quarterly Transformation Roadmap,12 Weeks,4,12
RIPPLE_0788,Just Graduated,Find a Job,Digital Marketing Specialist,1 Month,Intermediate (1-2 years relevant experience),Mon;Tue;Wed;Thu;Fri,Intensive,2,1,30-Day Milestone Accelerator,4 Weeks,4,12
RIPPLE_0789,University Student,Freelance,Top Rated Freelancer on Upwork,6 Months,Beginner (Basic theory / introductory coursework),Tue;Thu;Sat;Sun,Easy,0,0,Comprehensive Mastery & Career Pivot,24 Weeks,4,12
RIPPLE_0790,Just Graduated,Freelance,Full-time Freelance Agency,3 Months,"Advanced (3+ years experience, looking to level up)",Sat;Sun,Intensive,0,0,Quarterly Transformation Roadmap,12 Weeks,4,12
RIPPLE_0791,Entrepreneur,Find Investors,Raise $250k Pre-Seed,3 Months,"Advanced (3+ years experience, looking to level up)",Mon;Wed;Fri;Sat,Moderate,3,0,Quarterly Transformation Roadmap,12 Weeks,4,12
RIPPLE_0792,Entrepreneur,Grow My Business,Product Hunt Launch to #1 Product of Day,3 Months,Beginner (Basic theory / introductory coursework),Mon;Tue;Wed;Thu;Fri,Easy,0,0,Quarterly Transformation Roadmap,12 Weeks,4,12
RIPPLE_0793,High School,Start Working,Entry-level Internship,3 Months,Beginner (No prior background),Mon;Wed;Fri,Moderate,0,0,Quarterly Transformation Roadmap,12 Weeks,4,12
RIPPLE_0794,High School,University,SAT 1500+ / ACT 34+,1 Week,Beginner (Basic theory / introductory coursework),Sat;Sun,Hard,0,0,Rapid Sprint & Habit Kickoff,7 Days,3,9
RIPPLE_0795,Changing Careers,Learn New Skills,Modern Full-Stack Javascript/Python,3 Months,Intermediate (Built 1-2 small projects / self-taught),Tue;Thu;Sat;Sun,Intensive,1,1,Quarterly Transformation Roadmap,12 Weeks,4,12
RIPPLE_0796,Working,Higher Salary,Market Benchmark & Negotiation,1 Month,Beginner (No prior background),Mon;Tue;Wed;Thu;Fri,Intensive,0,0,30-Day Milestone Accelerator,4 Weeks,4,12
RIPPLE_0797,Building My Own Thing,Startup,Mobile App with 10k Downloads,6 Months,Intermediate (1-2 years relevant experience),Mon;Wed;Fri,Easy,0,0,Comprehensive Mastery & Career Pivot,24 Weeks,4,12
RIPPLE_0798,Changing Careers,Switch Industry,Data Science Career Pivot,6 Months,Beginner (No prior background),Sat;Sun,Hard,2,2,Comprehensive Mastery & Career Pivot,24 Weeks,4,12
RIPPLE_0799,Working,Higher Salary,Market Benchmark & Negotiation,6 Months,Beginner (No prior background),Mon;Wed;Fri,Moderate,0,0,Comprehensive Mastery & Career Pivot,24 Weeks,4,12
RIPPLE_0800,Entrepreneur,Grow My Business,Product Hunt Launch to #1 Product of Day,3 Months,Beginner (Basic theory / introductory coursework),Mon;Tue;Wed;Thu;Fri;Sat;Sun,Easy,0,0,Quarterly Transformation Roadmap,12 Weeks,4,12
RIPPLE_0801,Working,Higher Salary,Market Benchmark & Negotiation,3 Months,Intermediate (1-2 years relevant experience),Mon;Tue;Wed;Thu;Fri,Moderate,1,0,Quarterly Transformation Roadmap,12 Weeks,4,12
RIPPLE_0802,Entrepreneur,Grow My Business,Product Hunt Launch to #1 Product of Day,6 Months,Beginner (Basic theory / introductory coursework),Mon;Wed;Fri,Moderate,1,0,Comprehensive Mastery & Career Pivot,24 Weeks,4,12
RIPPLE_0803,Building My Own Thing,Startup,B2B SaaS to First 10 Customers,3 Months,"Advanced (3+ years experience, looking to level up)",Mon;Tue;Wed;Thu;Fri;Sat;Sun,Moderate,2,2,Quarterly Transformation Roadmap,12 Weeks,4,12
RIPPLE_0804,University Student,Freelance,Earn First $1k Freelancing,1 Week,Intermediate (Built 1-2 small projects / self-taught),Sat;Sun,Intensive,2,1,Rapid Sprint & Habit Kickoff,7 Days,3,9
RIPPLE_0805,High School,Start Working,Entry-level Internship,1 Month,Beginner (No prior background),Sat;Sun,Hard,3,1,30-Day Milestone Accelerator,4 Weeks,4,12
RIPPLE_0806,University Student,Get a Job,Machine Learning Engineer,1 Month,Intermediate (1-2 years relevant experience),Mon;Wed;Fri;Sat,Easy,1,1,30-Day Milestone Accelerator,4 Weeks,4,12
RIPPLE_0807,University Student,Get a Job,Software Engineering,6 Months,Intermediate (1-2 years relevant experience),Mon;Tue;Wed;Thu;Fri;Sat;Sun,Easy,2,0,Comprehensive Mastery & Career Pivot,24 Weeks,4,12
RIPPLE_0808,Working,Change Careers,Transition from QA to Dev,1 Week,Intermediate (Built 1-2 small projects / self-taught),Mon;Tue;Wed;Thu;Fri,Moderate,0,0,Rapid Sprint & Habit Kickoff,7 Days,3,9
RIPPLE_0809,University Student,Get a Job,Software Engineering,6 Months,Intermediate (Built 1-2 small projects / self-taught),Mon;Wed;Fri;Sat,Easy,0,0,Comprehensive Mastery & Career Pivot,24 Weeks,4,12
RIPPLE_0810,Entrepreneur,Grow My Business,Scale Revenue by 50%,3 Months,"Advanced (3+ years experience, looking to level up)",Mon;Tue;Wed;Thu;Fri,Intensive,0,0,Quarterly Transformation Roadmap,12 Weeks,4,12
RIPPLE_0811,Building My Own Thing,Startup,AI Micro-SaaS Launch,1 Week,Intermediate (Built 1-2 small projects / self-taught),Sat;Sun,Intensive,0,0,Rapid Sprint & Habit Kickoff,7 Days,3,9
RIPPLE_0812,Changing Careers,Learn New Skills,Machine Learning Fundamentals,1 Week,Intermediate (1-2 years relevant experience),Sat;Sun,Intensive,0,0,Rapid Sprint & Habit Kickoff,7 Days,3,9
RIPPLE_0813,Building My Own Thing,Startup,Mobile App with 10k Downloads,3 Months,"Advanced (3+ years experience, looking to level up)",Mon;Tue;Wed;Thu;Fri,Moderate,0,0,Quarterly Transformation Roadmap,12 Weeks,4,12
RIPPLE_0814,University Student,Get a Job,UI/UX Design,1 Month,"Advanced (3+ years experience, looking to level up)",Mon;Wed;Fri,Moderate,2,1,30-Day Milestone Accelerator,4 Weeks,4,12
RIPPLE_0815,Just Graduated,Find a Job,Junior Product Manager,1 Week,Beginner (No prior background),Tue;Thu;Sat;Sun,Moderate,3,1,Rapid Sprint & Habit Kickoff,7 Days,3,9
RIPPLE_0816,Working,Higher Salary,Target FAANG / Tier 1 Tech Offer,3 Months,Intermediate (Built 1-2 small projects / self-taught),Mon;Tue;Wed;Thu;Fri;Sat;Sun,Easy,1,0,Quarterly Transformation Roadmap,12 Weeks,4,12
RIPPLE_0817,Changing Careers,Switch Industry,Product Management Transition,3 Months,Beginner (Basic theory / introductory coursework),Mon;Wed;Fri,Moderate,1,1,Quarterly Transformation Roadmap,12 Weeks,4,12
RIPPLE_0818,Building My Own Thing,Small Business,Local Service Agency Launch,3 Months,"Advanced (3+ years experience, looking to level up)",Mon;Tue;Wed;Thu;Fri;Sat;Sun,Hard,2,0,Quarterly Transformation Roadmap,12 Weeks,4,12
RIPPLE_0819,University Student,Freelance,Top Rated Freelancer on Upwork,6 Months,Beginner (Basic theory / introductory coursework),Mon;Wed;Fri,Easy,1,1,Comprehensive Mastery & Career Pivot,24 Weeks,4,12
RIPPLE_0820,Just Graduated,Higher Studies,Statement of Purpose & Reference Letters,3 Months,Intermediate (1-2 years relevant experience),Sat;Sun,Moderate,1,1,Quarterly Transformation Roadmap,12 Weeks,4,12
RIPPLE_0821,University Student,Build a Startup,Launch MVP on Campus,1 Week,Beginner (Basic theory / introductory coursework),Sat;Sun,Hard,0,0,Rapid Sprint & Habit Kickoff,7 Days,3,9
RIPPLE_0822,Entrepreneur,Grow My Business,Scale Revenue by 50%,1 Week,Beginner (Basic theory / introductory coursework),Tue;Thu;Sat;Sun,Moderate,1,1,Rapid Sprint & Habit Kickoff,7 Days,3,9
RIPPLE_0823,High School,Start Working,Entry-level Internship,1 Month,Beginner (Basic theory / introductory coursework),Mon;Wed;Fri;Sat,Easy,2,2,30-Day Milestone Accelerator,4 Weeks,4,12
RIPPLE_0824,Building My Own Thing,Startup,Mobile App with 10k Downloads,1 Month,Intermediate (Built 1-2 small projects / self-taught),Mon;Wed;Fri;Sat,Intensive,2,2,30-Day Milestone Accelerator,4 Weeks,4,12
RIPPLE_0825,University Student,Higher Studies,Master's in Computer Science,1 Month,Beginner (Basic theory / introductory coursework),Mon;Wed;Fri,Intensive,2,2,30-Day Milestone Accelerator,4 Weeks,4,12
RIPPLE_0826,Entrepreneur,Find Investors,Create Investor Pitch Deck & Data Room,1 Month,Intermediate (Built 1-2 small projects / self-taught),Mon;Tue;Wed;Thu;Fri,Moderate,2,2,30-Day Milestone Accelerator,4 Weeks,4,12
RIPPLE_0827,Building My Own Thing,Startup,Mobile App with 10k Downloads,1 Week,Beginner (Basic theory / introductory coursework),Mon;Wed;Fri,Intensive,2,1,Rapid Sprint & Habit Kickoff,7 Days,3,9
RIPPLE_0828,High School,Start Working,Retail / Admin Experience,6 Months,Intermediate (1-2 years relevant experience),Tue;Thu;Sat;Sun,Intensive,0,0,Comprehensive Mastery & Career Pivot,24 Weeks,4,12
RIPPLE_0829,Just Graduated,Find a Job,QA Automation Engineer,1 Month,Intermediate (1-2 years relevant experience),Tue;Thu;Sat;Sun,Moderate,3,2,30-Day Milestone Accelerator,4 Weeks,4,12
RIPPLE_0830,Just Graduated,Find a Job,Data Analyst,6 Months,"Advanced (3+ years experience, looking to level up)",Mon;Wed;Fri;Sat,Hard,0,0,Comprehensive Mastery & Career Pivot,24 Weeks,4,12
RIPPLE_0831,Working,Higher Salary,Target FAANG / Tier 1 Tech Offer,6 Months,Intermediate (1-2 years relevant experience),Sat;Sun,Intensive,2,1,Comprehensive Mastery & Career Pivot,24 Weeks,4,12
RIPPLE_0832,University Student,Higher Studies,Target GPA 3.8+,1 Month,Intermediate (Built 1-2 small projects / self-taught),Tue;Thu;Sat;Sun,Easy,0,0,30-Day Milestone Accelerator,4 Weeks,4,12
RIPPLE_0833,High School,Start Working,Resume & Interview Readiness,1 Week,Intermediate (Built 1-2 small projects / self-taught),Mon;Tue;Wed;Thu;Fri,Moderate,0,0,Rapid Sprint & Habit Kickoff,7 Days,3,9
RIPPLE_0834,University Student,Build a Startup,Launch MVP on Campus,1 Month,Intermediate (Built 1-2 small projects / self-taught),Mon;Wed;Fri,Moderate,0,0,30-Day Milestone Accelerator,4 Weeks,4,12
RIPPLE_0835,Building My Own Thing,Small Business,E-commerce Brand to $5k MRR,1 Month,"Advanced (3+ years experience, looking to level up)",Mon;Tue;Wed;Thu;Fri,Hard,2,1,30-Day Milestone Accelerator,4 Weeks,4,12
RIPPLE_0836,Entrepreneur,Find Investors,Create Investor Pitch Deck & Data Room,1 Month,Intermediate (1-2 years relevant experience),Mon;Wed;Fri;Sat,Moderate,1,0,30-Day Milestone Accelerator,4 Weeks,4,12
RIPPLE_0837,Changing Careers,Learn New Skills,Modern Full-Stack Javascript/Python,6 Months,Intermediate (Built 1-2 small projects / self-taught),Tue;Thu;Sat;Sun,Easy,1,1,Comprehensive Mastery & Career Pivot,24 Weeks,4,12
RIPPLE_0838,Working,Better Work-Life Balance,Daily Routine Reset,3 Months,Beginner (Basic theory / introductory coursework),Tue;Thu;Sat;Sun,Moderate,0,0,Quarterly Transformation Roadmap,12 Weeks,4,12
RIPPLE_0839,Working,Higher Salary,Target FAANG / Tier 1 Tech Offer,1 Month,Intermediate (1-2 years relevant experience),Mon;Wed;Fri,Intensive,3,0,30-Day Milestone Accelerator,4 Weeks,4,12
RIPPLE_0840,Changing Careers,Switch Industry,Software Engineering Bootcamp to Job,1 Month,Intermediate (Built 1-2 small projects / self-taught),Sat;Sun,Intensive,1,0,30-Day Milestone Accelerator,4 Weeks,4,12
RIPPLE_0841,Changing Careers,Learn New Skills,Machine Learning Fundamentals,6 Months,Beginner (No prior background),Mon;Tue;Wed;Thu;Fri;Sat;Sun,Hard,3,0,Comprehensive Mastery & Career Pivot,24 Weeks,4,12
RIPPLE_0842,Building My Own Thing,Startup,B2B SaaS to First 10 Customers,6 Months,Beginner (No prior background),Mon;Wed;Fri;Sat,Moderate,0,0,Comprehensive Mastery & Career Pivot,24 Weeks,4,12
RIPPLE_0843,Working,Higher Salary,Market Benchmark & Negotiation,1 Month,Intermediate (Built 1-2 small projects / self-taught),Sat;Sun,Easy,0,0,30-Day Milestone Accelerator,4 Weeks,4,12
RIPPLE_0844,High School,Start Working,Entry-level Internship,1 Month,Intermediate (Built 1-2 small projects / self-taught),Sat;Sun,Intensive,1,0,30-Day Milestone Accelerator,4 Weeks,4,12
RIPPLE_0845,Changing Careers,Learn New Skills,Cloud & DevOps (AWS/Docker),1 Week,Intermediate (1-2 years relevant experience),Mon;Wed;Fri;Sat,Moderate,1,1,Rapid Sprint & Habit Kickoff,7 Days,3,9
RIPPLE_0846,Just Graduated,Freelance,Content Creation & Personal Brand,1 Month,"Advanced (3+ years experience, looking to level up)",Tue;Thu;Sat;Sun,Intensive,1,0,30-Day Milestone Accelerator,4 Weeks,4,12
RIPPLE_0847,Working,Grow in My Career,Lead Cross-Functional Team,1 Month,"Advanced (3+ years experience, looking to level up)",Mon;Tue;Wed;Thu;Fri;Sat;Sun,Hard,0,0,30-Day Milestone Accelerator,4 Weeks,4,12
RIPPLE_0848,Building My Own Thing,Startup,Mobile App with 10k Downloads,6 Months,Intermediate (Built 1-2 small projects / self-taught),Sat;Sun,Hard,1,0,Comprehensive Mastery & Career Pivot,24 Weeks,4,12
RIPPLE_0849,Just Graduated,Freelance,Content Creation & Personal Brand,6 Months,Intermediate (1-2 years relevant experience),Mon;Wed;Fri,Moderate,0,0,Comprehensive Mastery & Career Pivot,24 Weeks,4,12
RIPPLE_0850,Working,Grow in My Career,Promotion to Senior Engineer,1 Month,Intermediate (Built 1-2 small projects / self-taught),Mon;Wed;Fri,Hard,0,0,30-Day Milestone Accelerator,4 Weeks,4,12
RIPPLE_0851,Building My Own Thing,Startup,Mobile App with 10k Downloads,6 Months,"Advanced (3+ years experience, looking to level up)",Tue;Thu;Sat;Sun,Easy,0,0,Comprehensive Mastery & Career Pivot,24 Weeks,4,12
RIPPLE_0852,Entrepreneur,Find Investors,Create Investor Pitch Deck & Data Room,6 Months,Intermediate (1-2 years relevant experience),Tue;Thu;Sat;Sun,Moderate,1,0,Comprehensive Mastery & Career Pivot,24 Weeks,4,12
RIPPLE_0853,Working,Grow in My Career,Promotion to Senior Engineer,6 Months,Intermediate (1-2 years relevant experience),Mon;Wed;Fri,Hard,3,0,Comprehensive Mastery & Career Pivot,24 Weeks,4,12
RIPPLE_0854,High School,University,Scholarship Strategy,1 Month,Intermediate (Built 1-2 small projects / self-taught),Sat;Sun,Intensive,0,0,30-Day Milestone Accelerator,4 Weeks,4,12
RIPPLE_0855,Building My Own Thing,Small Business,E-commerce Brand to $5k MRR,6 Months,Intermediate (Built 1-2 small projects / self-taught),Mon;Wed;Fri;Sat,Moderate,0,0,Comprehensive Mastery & Career Pivot,24 Weeks,4,12
RIPPLE_0856,Changing Careers,Switch Industry,Software Engineering Bootcamp to Job,3 Months,Beginner (No prior background),Mon;Wed;Fri;Sat,Intensive,0,0,Quarterly Transformation Roadmap,12 Weeks,4,12
RIPPLE_0857,Building My Own Thing,Startup,AI Micro-SaaS Launch,3 Months,Beginner (Basic theory / introductory coursework),Tue;Thu;Sat;Sun,Intensive,1,0,Quarterly Transformation Roadmap,12 Weeks,4,12
RIPPLE_0858,Building My Own Thing,Startup,Mobile App with 10k Downloads,1 Week,"Advanced (3+ years experience, looking to level up)",Sat;Sun,Easy,2,2,Rapid Sprint & Habit Kickoff,7 Days,3,9
RIPPLE_0859,Entrepreneur,Grow My Business,Scale Revenue by 50%,1 Month,Intermediate (Built 1-2 small projects / self-taught),Mon;Wed;Fri;Sat,Moderate,0,0,30-Day Milestone Accelerator,4 Weeks,4,12
RIPPLE_0860,University Student,Freelance,Top Rated Freelancer on Upwork,1 Week,Intermediate (Built 1-2 small projects / self-taught),Mon;Wed;Fri,Moderate,0,0,Rapid Sprint & Habit Kickoff,7 Days,3,9
RIPPLE_0861,Just Graduated,Find a Job,Junior Product Manager,1 Month,Beginner (No prior background),Mon;Tue;Wed;Thu;Fri;Sat;Sun,Intensive,0,0,30-Day Milestone Accelerator,4 Weeks,4,12
RIPPLE_0862,Entrepreneur,Grow My Business,Hire First 3 Core Engineers,1 Month,"Advanced (3+ years experience, looking to level up)",Mon;Tue;Wed;Thu;Fri;Sat;Sun,Moderate,3,1,30-Day Milestone Accelerator,4 Weeks,4,12
RIPPLE_0863,High School,Learn a Skill,Full-Stack Web Basics,1 Week,Intermediate (1-2 years relevant experience),Mon;Tue;Wed;Thu;Fri,Hard,0,0,Rapid Sprint & Habit Kickoff,7 Days,3,9
RIPPLE_0864,University Student,Build a Startup,Apply to YC / Student Incubator,3 Months,Beginner (No prior background),Mon;Wed;Fri;Sat,Easy,3,1,Quarterly Transformation Roadmap,12 Weeks,4,12
RIPPLE_0865,University Student,Build a Startup,Apply to YC / Student Incubator,6 Months,Beginner (Basic theory / introductory coursework),Mon;Wed;Fri;Sat,Hard,2,1,Comprehensive Mastery & Career Pivot,24 Weeks,4,12
RIPPLE_0866,Changing Careers,Learn New Skills,Cloud & DevOps (AWS/Docker),1 Month,"Advanced (3+ years experience, looking to level up)",Mon;Wed;Fri;Sat,Easy,0,0,30-Day Milestone Accelerator,4 Weeks,4,12
RIPPLE_0867,Changing Careers,Switch Industry,Product Management Transition,1 Month,Intermediate (1-2 years relevant experience),Mon;Tue;Wed;Thu;Fri;Sat;Sun,Moderate,0,0,30-Day Milestone Accelerator,4 Weeks,4,12
RIPPLE_0868,University Student,Higher Studies,Research Fellowship Application,6 Months,Intermediate (Built 1-2 small projects / self-taught),Mon;Wed;Fri;Sat,Moderate,0,0,Comprehensive Mastery & Career Pivot,24 Weeks,4,12
RIPPLE_0869,Building My Own Thing,Small Business,Local Service Agency Launch,1 Month,Intermediate (Built 1-2 small projects / self-taught),Mon;Wed;Fri,Hard,0,0,30-Day Milestone Accelerator,4 Weeks,4,12
RIPPLE_0870,Changing Careers,Learn New Skills,Modern Full-Stack Javascript/Python,3 Months,Beginner (No prior background),Mon;Wed;Fri,Moderate,2,0,Quarterly Transformation Roadmap,12 Weeks,4,12
RIPPLE_0871,Changing Careers,Switch Industry,Data Science Career Pivot,1 Month,Beginner (Basic theory / introductory coursework),Mon;Tue;Wed;Thu;Fri;Sat;Sun,Intensive,2,2,30-Day Milestone Accelerator,4 Weeks,4,12
RIPPLE_0872,Entrepreneur,Grow My Business,Scale Revenue by 50%,1 Month,Beginner (No prior background),Mon;Wed;Fri;Sat,Moderate,1,0,30-Day Milestone Accelerator,4 Weeks,4,12
RIPPLE_0873,Changing Careers,Switch Industry,Software Engineering Bootcamp to Job,1 Week,Intermediate (1-2 years relevant experience),Tue;Thu;Sat;Sun,Intensive,1,0,Rapid Sprint & Habit Kickoff,7 Days,3,9
RIPPLE_0874,Working,Change Careers,Transition to Product Management,1 Month,Intermediate (Built 1-2 small projects / self-taught),Mon;Tue;Wed;Thu;Fri;Sat;Sun,Hard,3,0,30-Day Milestone Accelerator,4 Weeks,4,12
RIPPLE_0875,High School,Learn a Skill,Python for Data Analysis,1 Month,Intermediate (1-2 years relevant experience),Sat;Sun,Intensive,3,3,30-Day Milestone Accelerator,4 Weeks,4,12
RIPPLE_0876,Changing Careers,Switch Industry,Data Science Career Pivot,1 Month,Intermediate (Built 1-2 small projects / self-taught),Sat;Sun,Intensive,2,1,30-Day Milestone Accelerator,4 Weeks,4,12
RIPPLE_0877,University Student,Build a Startup,Launch MVP on Campus,6 Months,Beginner (Basic theory / introductory coursework),Mon;Wed;Fri;Sat,Moderate,0,0,Comprehensive Mastery & Career Pivot,24 Weeks,4,12
RIPPLE_0878,University Student,Build a Startup,Build SaaS Tool,6 Months,Intermediate (1-2 years relevant experience),Mon;Wed;Fri,Intensive,2,1,Comprehensive Mastery & Career Pivot,24 Weeks,4,12
RIPPLE_0879,Working,Grow in My Career,Promotion to Senior Engineer,6 Months,"Advanced (3+ years experience, looking to level up)",Mon;Wed;Fri;Sat,Moderate,3,2,Comprehensive Mastery & Career Pivot,24 Weeks,4,12
RIPPLE_0880,Building My Own Thing,Small Business,Local Service Agency Launch,1 Month,Beginner (Basic theory / introductory coursework),Mon;Tue;Wed;Thu;Fri,Intensive,2,1,30-Day Milestone Accelerator,4 Weeks,4,12
RIPPLE_0881,Building My Own Thing,Startup,Mobile App with 10k Downloads,1 Month,"Advanced (3+ years experience, looking to level up)",Mon;Tue;Wed;Thu;Fri,Moderate,0,0,30-Day Milestone Accelerator,4 Weeks,4,12
RIPPLE_0882,Entrepreneur,Find Investors,Create Investor Pitch Deck & Data Room,6 Months,"Advanced (3+ years experience, looking to level up)",Mon;Tue;Wed;Thu;Fri;Sat;Sun,Easy,1,0,Comprehensive Mastery & Career Pivot,24 Weeks,4,12
RIPPLE_0883,Entrepreneur,Grow My Business,Hire First 3 Core Engineers,3 Months,"Advanced (3+ years experience, looking to level up)",Mon;Tue;Wed;Thu;Fri;Sat;Sun,Intensive,2,0,Quarterly Transformation Roadmap,12 Weeks,4,12
RIPPLE_0884,Building My Own Thing,Small Business,E-commerce Brand to $5k MRR,3 Months,Beginner (Basic theory / introductory coursework),Mon;Wed;Fri,Intensive,2,1,Quarterly Transformation Roadmap,12 Weeks,4,12
RIPPLE_0885,University Student,Get a Job,Cybersecurity Analyst,6 Months,"Advanced (3+ years experience, looking to level up)",Mon;Wed;Fri,Intensive,2,0,Comprehensive Mastery & Career Pivot,24 Weeks,4,12
RIPPLE_0886,High School,University,Scholarship Strategy,1 Month,Beginner (Basic theory / introductory coursework),Mon;Wed;Fri;Sat,Intensive,0,0,30-Day Milestone Accelerator,4 Weeks,4,12
RIPPLE_0887,Working,Change Careers,Transition from Non-Tech to Tech,1 Month,Beginner (No prior background),Mon;Wed;Fri;Sat,Moderate,2,2,30-Day Milestone Accelerator,4 Weeks,4,12
RIPPLE_0888,University Student,Build a Startup,Launch MVP on Campus,6 Months,Beginner (No prior background),Mon;Tue;Wed;Thu;Fri,Hard,2,1,Comprehensive Mastery & Career Pivot,24 Weeks,4,12
RIPPLE_0889,Building My Own Thing,Startup,B2B SaaS to First 10 Customers,1 Week,Intermediate (Built 1-2 small projects / self-taught),Mon;Wed;Fri,Easy,0,0,Rapid Sprint & Habit Kickoff,7 Days,3,9
RIPPLE_0890,University Student,Higher Studies,IELTS & GRE Prep,6 Months,"Advanced (3+ years experience, looking to level up)",Sat;Sun,Hard,0,0,Comprehensive Mastery & Career Pivot,24 Weeks,4,12
RIPPLE_0891,High School,Start Working,Retail / Admin Experience,3 Months,Beginner (Basic theory / introductory coursework),Mon;Wed;Fri,Hard,3,2,Quarterly Transformation Roadmap,12 Weeks,4,12
RIPPLE_0892,Working,Better Work-Life Balance,Daily Routine Reset,1 Week,"Advanced (3+ years experience, looking to level up)",Mon;Tue;Wed;Thu;Fri;Sat;Sun,Easy,2,1,Rapid Sprint & Habit Kickoff,7 Days,3,9
RIPPLE_0893,Changing Careers,Learn New Skills,Modern Full-Stack Javascript/Python,1 Month,Beginner (No prior background),Mon;Tue;Wed;Thu;Fri,Hard,2,2,30-Day Milestone Accelerator,4 Weeks,4,12
RIPPLE_0894,Changing Careers,Learn New Skills,Cloud & DevOps (AWS/Docker),1 Week,Intermediate (Built 1-2 small projects / self-taught),Sat;Sun,Intensive,0,0,Rapid Sprint & Habit Kickoff,7 Days,3,9
RIPPLE_0895,Building My Own Thing,Small Business,Local Service Agency Launch,1 Month,Beginner (Basic theory / introductory coursework),Mon;Wed;Fri;Sat,Easy,3,1,30-Day Milestone Accelerator,4 Weeks,4,12
RIPPLE_0896,University Student,Freelance,Earn First $1k Freelancing,1 Month,Beginner (Basic theory / introductory coursework),Mon;Wed;Fri;Sat,Moderate,0,0,30-Day Milestone Accelerator,4 Weeks,4,12
RIPPLE_0897,University Student,Freelance,Earn First $1k Freelancing,1 Week,Beginner (Basic theory / introductory coursework),Sat;Sun,Hard,2,2,Rapid Sprint & Habit Kickoff,7 Days,3,9
RIPPLE_0898,Building My Own Thing,Startup,AI Micro-SaaS Launch,6 Months,Beginner (No prior background),Mon;Wed;Fri;Sat,Hard,0,0,Comprehensive Mastery & Career Pivot,24 Weeks,4,12
RIPPLE_0899,Building My Own Thing,Small Business,Local Service Agency Launch,6 Months,"Advanced (3+ years experience, looking to level up)",Mon;Wed;Fri;Sat,Intensive,1,0,Comprehensive Mastery & Career Pivot,24 Weeks,4,12
RIPPLE_0900,High School,University,Top Tier CS University Admissions,1 Week,Intermediate (Built 1-2 small projects / self-taught),Mon;Wed;Fri,Moderate,0,0,Rapid Sprint & Habit Kickoff,7 Days,3,9
RIPPLE_0901,Changing Careers,Learn New Skills,Machine Learning Fundamentals,3 Months,Intermediate (1-2 years relevant experience),Tue;Thu;Sat;Sun,Easy,0,0,Quarterly Transformation Roadmap,12 Weeks,4,12
RIPPLE_0902,Changing Careers,Switch Industry,Product Management Transition,6 Months,Intermediate (Built 1-2 small projects / self-taught),Mon;Wed;Fri,Hard,1,0,Comprehensive Mastery & Career Pivot,24 Weeks,4,12
RIPPLE_0903,University Student,Freelance,Top Rated Freelancer on Upwork,6 Months,Intermediate (Built 1-2 small projects / self-taught),Tue;Thu;Sat;Sun,Moderate,1,1,Comprehensive Mastery & Career Pivot,24 Weeks,4,12
RIPPLE_0904,Changing Careers,Learn New Skills,Machine Learning Fundamentals,1 Week,"Advanced (3+ years experience, looking to level up)",Tue;Thu;Sat;Sun,Hard,0,0,Rapid Sprint & Habit Kickoff,7 Days,3,9
RIPPLE_0905,High School,Start Working,Resume & Interview Readiness,6 Months,Beginner (Basic theory / introductory coursework),Tue;Thu;Sat;Sun,Intensive,3,1,Comprehensive Mastery & Career Pivot,24 Weeks,4,12
RIPPLE_0906,Entrepreneur,Find Investors,Raise $250k Pre-Seed,1 Month,Intermediate (1-2 years relevant experience),Tue;Thu;Sat;Sun,Intensive,1,1,30-Day Milestone Accelerator,4 Weeks,4,12
RIPPLE_0907,Working,Better Work-Life Balance,Deep Work Systems & Burnout Recovery,6 Months,Intermediate (1-2 years relevant experience),Mon;Tue;Wed;Thu;Fri;Sat;Sun,Easy,2,2,Comprehensive Mastery & Career Pivot,24 Weeks,4,12
RIPPLE_0908,Just Graduated,Higher Studies,Statement of Purpose & Reference Letters,1 Week,Intermediate (Built 1-2 small projects / self-taught),Mon;Wed;Fri,Intensive,0,0,Rapid Sprint & Habit Kickoff,7 Days,3,9
RIPPLE_0909,Just Graduated,Higher Studies,Statement of Purpose & Reference Letters,6 Months,Intermediate (Built 1-2 small projects / self-taught),Mon;Wed;Fri;Sat,Moderate,1,0,Comprehensive Mastery & Career Pivot,24 Weeks,4,12
RIPPLE_0910,High School,Start Working,Resume & Interview Readiness,1 Week,Beginner (Basic theory / introductory coursework),Sat;Sun,Intensive,1,0,Rapid Sprint & Habit Kickoff,7 Days,3,9
RIPPLE_0911,High School,Learn a Skill,Full-Stack Web Basics,1 Week,Beginner (No prior background),Mon;Tue;Wed;Thu;Fri;Sat;Sun,Hard,3,0,Rapid Sprint & Habit Kickoff,7 Days,3,9
RIPPLE_0912,University Student,Higher Studies,Target GPA 3.8+,6 Months,Intermediate (Built 1-2 small projects / self-taught),Mon;Wed;Fri,Moderate,3,2,Comprehensive Mastery & Career Pivot,24 Weeks,4,12
RIPPLE_0913,High School,University,Top Tier CS University Admissions,1 Week,Beginner (No prior background),Sat;Sun,Easy,1,1,Rapid Sprint & Habit Kickoff,7 Days,3,9
RIPPLE_0914,Building My Own Thing,Startup,AI Micro-SaaS Launch,1 Month,Intermediate (1-2 years relevant experience),Mon;Wed;Fri,Intensive,3,2,30-Day Milestone Accelerator,4 Weeks,4,12
RIPPLE_0915,Working,Grow in My Career,Lead Cross-Functional Team,6 Months,Beginner (No prior background),Mon;Wed;Fri;Sat,Easy,0,0,Comprehensive Mastery & Career Pivot,24 Weeks,4,12
RIPPLE_0916,Just Graduated,Freelance,Full-time Freelance Agency,1 Week,"Advanced (3+ years experience, looking to level up)",Tue;Thu;Sat;Sun,Intensive,0,0,Rapid Sprint & Habit Kickoff,7 Days,3,9
RIPPLE_0917,University Student,Higher Studies,Master's in Computer Science,1 Month,Beginner (No prior background),Mon;Tue;Wed;Thu;Fri,Hard,0,0,30-Day Milestone Accelerator,4 Weeks,4,12
RIPPLE_0918,University Student,Build a Startup,Build SaaS Tool,1 Month,Intermediate (1-2 years relevant experience),Mon;Wed;Fri;Sat,Easy,2,1,30-Day Milestone Accelerator,4 Weeks,4,12
RIPPLE_0919,Just Graduated,Freelance,Content Creation & Personal Brand,3 Months,"Advanced (3+ years experience, looking to level up)",Mon;Tue;Wed;Thu;Fri;Sat;Sun,Hard,1,0,Quarterly Transformation Roadmap,12 Weeks,4,12
RIPPLE_0920,Just Graduated,Find a Job,Junior Product Manager,1 Month,Intermediate (Built 1-2 small projects / self-taught),Mon;Wed;Fri;Sat,Moderate,0,0,30-Day Milestone Accelerator,4 Weeks,4,12
RIPPLE_0921,High School,Learn a Skill,Full-Stack Web Basics,6 Months,Beginner (No prior background),Tue;Thu;Sat;Sun,Hard,3,0,Comprehensive Mastery & Career Pivot,24 Weeks,4,12
RIPPLE_0922,High School,Start Working,Retail / Admin Experience,1 Month,"Advanced (3+ years experience, looking to level up)",Mon;Tue;Wed;Thu;Fri,Moderate,2,2,30-Day Milestone Accelerator,4 Weeks,4,12
RIPPLE_0923,Entrepreneur,Find Investors,Create Investor Pitch Deck & Data Room,6 Months,Intermediate (1-2 years relevant experience),Mon;Tue;Wed;Thu;Fri;Sat;Sun,Easy,1,1,Comprehensive Mastery & Career Pivot,24 Weeks,4,12
RIPPLE_0924,Changing Careers,Switch Industry,Data Science Career Pivot,6 Months,Beginner (No prior background),Mon;Wed;Fri,Hard,0,0,Comprehensive Mastery & Career Pivot,24 Weeks,4,12
RIPPLE_0925,High School,Learn a Skill,Python for Data Analysis,1 Month,Beginner (Basic theory / introductory coursework),Mon;Tue;Wed;Thu;Fri,Hard,0,0,30-Day Milestone Accelerator,4 Weeks,4,12
RIPPLE_0926,Working,Change Careers,Transition from QA to Dev,1 Week,Beginner (No prior background),Mon;Tue;Wed;Thu;Fri;Sat;Sun,Moderate,0,0,Rapid Sprint & Habit Kickoff,7 Days,3,9
RIPPLE_0927,University Student,Build a Startup,Apply to YC / Student Incubator,3 Months,"Advanced (3+ years experience, looking to level up)",Mon;Tue;Wed;Thu;Fri;Sat;Sun,Hard,0,0,Quarterly Transformation Roadmap,12 Weeks,4,12
RIPPLE_0928,University Student,Higher Studies,Research Fellowship Application,6 Months,Beginner (Basic theory / introductory coursework),Mon;Wed;Fri,Hard,3,0,Comprehensive Mastery & Career Pivot,24 Weeks,4,12
RIPPLE_0929,Building My Own Thing,Startup,AI Micro-SaaS Launch,1 Month,Beginner (Basic theory / introductory coursework),Mon;Tue;Wed;Thu;Fri;Sat;Sun,Intensive,2,2,30-Day Milestone Accelerator,4 Weeks,4,12
RIPPLE_0930,Building My Own Thing,Small Business,E-commerce Brand to $5k MRR,6 Months,Intermediate (Built 1-2 small projects / self-taught),Mon;Tue;Wed;Thu;Fri;Sat;Sun,Intensive,2,2,Comprehensive Mastery & Career Pivot,24 Weeks,4,12
RIPPLE_0931,Building My Own Thing,Startup,Mobile App with 10k Downloads,6 Months,Intermediate (Built 1-2 small projects / self-taught),Mon;Wed;Fri,Easy,0,0,Comprehensive Mastery & Career Pivot,24 Weeks,4,12
RIPPLE_0932,University Student,Higher Studies,IELTS & GRE Prep,1 Month,"Advanced (3+ years experience, looking to level up)",Mon;Tue;Wed;Thu;Fri,Easy,2,0,30-Day Milestone Accelerator,4 Weeks,4,12
RIPPLE_0933,Working,Change Careers,Transition from QA to Dev,6 Months,"Advanced (3+ years experience, looking to level up)",Sat;Sun,Easy,0,0,Comprehensive Mastery & Career Pivot,24 Weeks,4,12
RIPPLE_0934,Changing Careers,Switch Industry,Data Science Career Pivot,1 Week,Intermediate (1-2 years relevant experience),Mon;Wed;Fri;Sat,Hard,0,0,Rapid Sprint & Habit Kickoff,7 Days,3,9
RIPPLE_0935,Changing Careers,Learn New Skills,Machine Learning Fundamentals,1 Month,Beginner (Basic theory / introductory coursework),Tue;Thu;Sat;Sun,Easy,1,1,30-Day Milestone Accelerator,4 Weeks,4,12
RIPPLE_0936,Working,Better Work-Life Balance,Deep Work Systems & Burnout Recovery,1 Month,Intermediate (Built 1-2 small projects / self-taught),Tue;Thu;Sat;Sun,Easy,1,0,30-Day Milestone Accelerator,4 Weeks,4,12
RIPPLE_0937,High School,Learn a Skill,Python for Data Analysis,3 Months,Intermediate (Built 1-2 small projects / self-taught),Mon;Tue;Wed;Thu;Fri,Moderate,3,3,Quarterly Transformation Roadmap,12 Weeks,4,12
RIPPLE_0938,High School,University,Scholarship Strategy,6 Months,Intermediate (Built 1-2 small projects / self-taught),Tue;Thu;Sat;Sun,Hard,0,0,Comprehensive Mastery & Career Pivot,24 Weeks,4,12
RIPPLE_0939,University Student,Build a Startup,Apply to YC / Student Incubator,1 Month,Intermediate (1-2 years relevant experience),Mon;Tue;Wed;Thu;Fri,Hard,0,0,30-Day Milestone Accelerator,4 Weeks,4,12
RIPPLE_0940,Working,Better Work-Life Balance,Daily Routine Reset,1 Week,"Advanced (3+ years experience, looking to level up)",Sat;Sun,Moderate,0,0,Rapid Sprint & Habit Kickoff,7 Days,3,9
RIPPLE_0941,Working,Grow in My Career,Promotion to Senior Engineer,3 Months,Beginner (Basic theory / introductory coursework),Sat;Sun,Intensive,2,1,Quarterly Transformation Roadmap,12 Weeks,4,12
RIPPLE_0942,Changing Careers,Learn New Skills,Machine Learning Fundamentals,6 Months,Intermediate (1-2 years relevant experience),Mon;Wed;Fri;Sat,Moderate,2,1,Comprehensive Mastery & Career Pivot,24 Weeks,4,12
RIPPLE_0943,University Student,Higher Studies,Research Fellowship Application,1 Week,Beginner (Basic theory / introductory coursework),Sat;Sun,Intensive,2,2,Rapid Sprint & Habit Kickoff,7 Days,3,9
RIPPLE_0944,Building My Own Thing,Small Business,E-commerce Brand to $5k MRR,6 Months,Intermediate (1-2 years relevant experience),Mon;Wed;Fri,Intensive,1,1,Comprehensive Mastery & Career Pivot,24 Weeks,4,12
RIPPLE_0945,Just Graduated,Find a Job,Entry Level Software Engineer,1 Week,Beginner (Basic theory / introductory coursework),Tue;Thu;Sat;Sun,Moderate,0,0,Rapid Sprint & Habit Kickoff,7 Days,3,9
RIPPLE_0946,Entrepreneur,Find Investors,Raise $250k Pre-Seed,3 Months,Intermediate (1-2 years relevant experience),Sat;Sun,Easy,0,0,Quarterly Transformation Roadmap,12 Weeks,4,12
RIPPLE_0947,University Student,Freelance,Top Rated Freelancer on Upwork,1 Month,"Advanced (3+ years experience, looking to level up)",Mon;Wed;Fri;Sat,Moderate,2,2,30-Day Milestone Accelerator,4 Weeks,4,12
RIPPLE_0948,Just Graduated,Higher Studies,Statement of Purpose & Reference Letters,1 Week,"Advanced (3+ years experience, looking to level up)",Mon;Wed;Fri;Sat,Moderate,1,0,Rapid Sprint & Habit Kickoff,7 Days,3,9
RIPPLE_0949,Just Graduated,Higher Studies,Graduate School Applications,3 Months,Beginner (Basic theory / introductory coursework),Sat;Sun,Moderate,0,0,Quarterly Transformation Roadmap,12 Weeks,4,12
RIPPLE_0950,Changing Careers,Switch Industry,Software Engineering Bootcamp to Job,1 Week,Intermediate (1-2 years relevant experience),Mon;Tue;Wed;Thu;Fri;Sat;Sun,Intensive,0,0,Rapid Sprint & Habit Kickoff,7 Days,3,9
RIPPLE_0951,High School,Learn a Skill,Python for Data Analysis,1 Week,"Advanced (3+ years experience, looking to level up)",Mon;Wed;Fri,Intensive,0,0,Rapid Sprint & Habit Kickoff,7 Days,3,9
RIPPLE_0952,High School,University,SAT 1500+ / ACT 34+,3 Months,Intermediate (Built 1-2 small projects / self-taught),Mon;Wed;Fri,Hard,3,1,Quarterly Transformation Roadmap,12 Weeks,4,12
RIPPLE_0953,University Student,Get a Job,Machine Learning Engineer,3 Months,Beginner (Basic theory / introductory coursework),Sat;Sun,Hard,0,0,Quarterly Transformation Roadmap,12 Weeks,4,12
RIPPLE_0954,Working,Change Careers,Transition from QA to Dev,6 Months,Intermediate (Built 1-2 small projects / self-taught),Tue;Thu;Sat;Sun,Hard,0,0,Comprehensive Mastery & Career Pivot,24 Weeks,4,12
RIPPLE_0955,University Student,Get a Job,Machine Learning Engineer,1 Month,Intermediate (Built 1-2 small projects / self-taught),Mon;Wed;Fri,Hard,0,0,30-Day Milestone Accelerator,4 Weeks,4,12
RIPPLE_0956,Changing Careers,Learn New Skills,Machine Learning Fundamentals,3 Months,Beginner (Basic theory / introductory coursework),Mon;Tue;Wed;Thu;Fri,Intensive,0,0,Quarterly Transformation Roadmap,12 Weeks,4,12
RIPPLE_0957,Just Graduated,Freelance,Full-time Freelance Agency,1 Week,"Advanced (3+ years experience, looking to level up)",Mon;Wed;Fri;Sat,Moderate,0,0,Rapid Sprint & Habit Kickoff,7 Days,3,9
RIPPLE_0958,High School,Start Working,Retail / Admin Experience,1 Month,"Advanced (3+ years experience, looking to level up)",Mon;Tue;Wed;Thu;Fri,Moderate,1,1,30-Day Milestone Accelerator,4 Weeks,4,12
RIPPLE_0959,Entrepreneur,Grow My Business,Hire First 3 Core Engineers,6 Months,Beginner (No prior background),Mon;Tue;Wed;Thu;Fri,Intensive,3,1,Comprehensive Mastery & Career Pivot,24 Weeks,4,12
RIPPLE_0960,High School,Start Working,Entry-level Internship,3 Months,Beginner (No prior background),Mon;Wed;Fri,Easy,1,1,Quarterly Transformation Roadmap,12 Weeks,4,12
RIPPLE_0961,Just Graduated,Higher Studies,Statement of Purpose & Reference Letters,6 Months,"Advanced (3+ years experience, looking to level up)",Sat;Sun,Intensive,2,0,Comprehensive Mastery & Career Pivot,24 Weeks,4,12
RIPPLE_0962,Just Graduated,Freelance,Full-time Freelance Agency,1 Week,"Advanced (3+ years experience, looking to level up)",Mon;Tue;Wed;Thu;Fri;Sat;Sun,Intensive,2,1,Rapid Sprint & Habit Kickoff,7 Days,3,9
RIPPLE_0963,Changing Careers,Switch Industry,Software Engineering Bootcamp to Job,1 Month,Beginner (No prior background),Tue;Thu;Sat;Sun,Moderate,0,0,30-Day Milestone Accelerator,4 Weeks,4,12
RIPPLE_0964,Building My Own Thing,Startup,Mobile App with 10k Downloads,1 Month,Intermediate (Built 1-2 small projects / self-taught),Mon;Wed;Fri,Easy,1,0,30-Day Milestone Accelerator,4 Weeks,4,12
RIPPLE_0965,University Student,Build a Startup,Apply to YC / Student Incubator,3 Months,Intermediate (Built 1-2 small projects / self-taught),Mon;Wed;Fri,Easy,2,2,Quarterly Transformation Roadmap,12 Weeks,4,12
RIPPLE_0966,University Student,Get a Job,Cybersecurity Analyst,3 Months,Beginner (Basic theory / introductory coursework),Mon;Wed;Fri;Sat,Hard,2,2,Quarterly Transformation Roadmap,12 Weeks,4,12
RIPPLE_0967,Building My Own Thing,Small Business,E-commerce Brand to $5k MRR,6 Months,Beginner (Basic theory / introductory coursework),Tue;Thu;Sat;Sun,Hard,0,0,Comprehensive Mastery & Career Pivot,24 Weeks,4,12
RIPPLE_0968,Building My Own Thing,Small Business,E-commerce Brand to $5k MRR,6 Months,Beginner (Basic theory / introductory coursework),Tue;Thu;Sat;Sun,Intensive,1,0,Comprehensive Mastery & Career Pivot,24 Weeks,4,12
RIPPLE_0969,Working,Change Careers,Transition from QA to Dev,1 Month,Beginner (Basic theory / introductory coursework),Mon;Tue;Wed;Thu;Fri;Sat;Sun,Moderate,3,2,30-Day Milestone Accelerator,4 Weeks,4,12
RIPPLE_0970,Entrepreneur,Grow My Business,Product Hunt Launch to #1 Product of Day,1 Month,Beginner (No prior background),Mon;Tue;Wed;Thu;Fri,Moderate,3,0,30-Day Milestone Accelerator,4 Weeks,4,12
RIPPLE_0971,Building My Own Thing,Startup,AI Micro-SaaS Launch,1 Week,"Advanced (3+ years experience, looking to level up)",Sat;Sun,Easy,0,0,Rapid Sprint & Habit Kickoff,7 Days,3,9
RIPPLE_0972,Entrepreneur,Find Investors,Raise $250k Pre-Seed,1 Month,Beginner (No prior background),Mon;Wed;Fri;Sat,Hard,0,0,30-Day Milestone Accelerator,4 Weeks,4,12
RIPPLE_0973,Entrepreneur,Find Investors,Raise $250k Pre-Seed,3 Months,Beginner (No prior background),Mon;Wed;Fri;Sat,Moderate,0,0,Quarterly Transformation Roadmap,12 Weeks,4,12
RIPPLE_0974,High School,Learn a Skill,Python for Data Analysis,1 Month,Beginner (Basic theory / introductory coursework),Mon;Tue;Wed;Thu;Fri;Sat;Sun,Easy,2,0,30-Day Milestone Accelerator,4 Weeks,4,12
RIPPLE_0975,Entrepreneur,Find Investors,Raise $250k Pre-Seed,3 Months,Beginner (No prior background),Mon;Wed;Fri;Sat,Intensive,0,0,Quarterly Transformation Roadmap,12 Weeks,4,12
RIPPLE_0976,Just Graduated,Find a Job,Junior Product Manager,6 Months,Intermediate (1-2 years relevant experience),Tue;Thu;Sat;Sun,Moderate,2,2,Comprehensive Mastery & Career Pivot,24 Weeks,4,12
RIPPLE_0977,Just Graduated,Find a Job,Junior Product Manager,1 Week,Intermediate (Built 1-2 small projects / self-taught),Mon;Tue;Wed;Thu;Fri,Hard,2,0,Rapid Sprint & Habit Kickoff,7 Days,3,9
RIPPLE_0978,University Student,Higher Studies,Master's in Computer Science,6 Months,"Advanced (3+ years experience, looking to level up)",Mon;Tue;Wed;Thu;Fri;Sat;Sun,Hard,1,0,Comprehensive Mastery & Career Pivot,24 Weeks,4,12
RIPPLE_0979,Building My Own Thing,Small Business,Local Service Agency Launch,3 Months,Beginner (No prior background),Sat;Sun,Hard,2,0,Quarterly Transformation Roadmap,12 Weeks,4,12
RIPPLE_0980,Entrepreneur,Find Investors,Raise $250k Pre-Seed,3 Months,Beginner (Basic theory / introductory coursework),Sat;Sun,Intensive,0,0,Quarterly Transformation Roadmap,12 Weeks,4,12
RIPPLE_0981,Building My Own Thing,Small Business,E-commerce Brand to $5k MRR,1 Week,Intermediate (Built 1-2 small projects / self-taught),Mon;Wed;Fri;Sat,Moderate,0,0,Rapid Sprint & Habit Kickoff,7 Days,3,9
RIPPLE_0982,Working,Better Work-Life Balance,Deep Work Systems & Burnout Recovery,3 Months,Beginner (Basic theory / introductory coursework),Sat;Sun,Moderate,0,0,Quarterly Transformation Roadmap,12 Weeks,4,12
RIPPLE_0983,Changing Careers,Switch Industry,Product Management Transition,1 Week,"Advanced (3+ years experience, looking to level up)",Mon;Tue;Wed;Thu;Fri;Sat;Sun,Intensive,1,0,Rapid Sprint & Habit Kickoff,7 Days,3,9
RIPPLE_0984,High School,University,Top Tier CS University Admissions,1 Week,Intermediate (Built 1-2 small projects / self-taught),Mon;Wed;Fri;Sat,Intensive,0,0,Rapid Sprint & Habit Kickoff,7 Days,3,9
RIPPLE_0985,University Student,Build a Startup,Build SaaS Tool,1 Month,Intermediate (Built 1-2 small projects / self-taught),Mon;Wed;Fri;Sat,Intensive,0,0,30-Day Milestone Accelerator,4 Weeks,4,12
RIPPLE_0986,University Student,Higher Studies,IELTS & GRE Prep,1 Month,Intermediate (1-2 years relevant experience),Mon;Wed;Fri,Easy,3,0,30-Day Milestone Accelerator,4 Weeks,4,12
RIPPLE_0987,Working,Change Careers,Transition from Non-Tech to Tech,1 Month,Intermediate (Built 1-2 small projects / self-taught),Mon;Tue;Wed;Thu;Fri,Moderate,1,0,30-Day Milestone Accelerator,4 Weeks,4,12
RIPPLE_0988,Changing Careers,Learn New Skills,Machine Learning Fundamentals,1 Month,Intermediate (1-2 years relevant experience),Mon;Wed;Fri,Moderate,2,2,30-Day Milestone Accelerator,4 Weeks,4,12
RIPPLE_0989,Entrepreneur,Find Investors,Create Investor Pitch Deck & Data Room,1 Week,Beginner (Basic theory / introductory coursework),Mon;Wed;Fri,Easy,0,0,Rapid Sprint & Habit Kickoff,7 Days,3,9
RIPPLE_0990,Changing Careers,Switch Industry,Data Science Career Pivot,1 Month,Beginner (No prior background),Sat;Sun,Intensive,0,0,30-Day Milestone Accelerator,4 Weeks,4,12
RIPPLE_0991,Building My Own Thing,Startup,Mobile App with 10k Downloads,1 Month,Intermediate (Built 1-2 small projects / self-taught),Mon;Tue;Wed;Thu;Fri;Sat;Sun,Easy,3,0,30-Day Milestone Accelerator,4 Weeks,4,12
RIPPLE_0992,Just Graduated,Higher Studies,Graduate School Applications,1 Week,Intermediate (1-2 years relevant experience),Tue;Thu;Sat;Sun,Intensive,3,2,Rapid Sprint & Habit Kickoff,7 Days,3,9
RIPPLE_0993,Just Graduated,Higher Studies,Graduate School Applications,1 Week,Beginner (No prior background),Mon;Tue;Wed;Thu;Fri;Sat;Sun,Hard,2,1,Rapid Sprint & Habit Kickoff,7 Days,3,9
RIPPLE_0994,Changing Careers,Switch Industry,Software Engineering Bootcamp to Job,1 Month,"Advanced (3+ years experience, looking to level up)",Tue;Thu;Sat;Sun,Easy,1,0,30-Day Milestone Accelerator,4 Weeks,4,12
RIPPLE_0995,Building My Own Thing,Startup,B2B SaaS to First 10 Customers,3 Months,Beginner (No prior background),Mon;Tue;Wed;Thu;Fri;Sat;Sun,Easy,0,0,Quarterly Transformation Roadmap,12 Weeks,4,12
RIPPLE_0996,University Student,Build a Startup,Launch MVP on Campus,3 Months,Intermediate (Built 1-2 small projects / self-taught),Mon;Tue;Wed;Thu;Fri;Sat;Sun,Intensive,1,1,Quarterly Transformation Roadmap,12 Weeks,4,12
RIPPLE_0997,Just Graduated,Freelance,Full-time Freelance Agency,3 Months,Intermediate (1-2 years relevant experience),Mon;Tue;Wed;Thu;Fri;Sat;Sun,Easy,1,1,Quarterly Transformation Roadmap,12 Weeks,4,12
RIPPLE_0998,Changing Careers,Switch Industry,Product Management Transition,1 Month,Beginner (Basic theory / introductory coursework),Mon;Tue;Wed;Thu;Fri,Intensive,0,0,30-Day Milestone Accelerator,4 Weeks,4,12
RIPPLE_0999,Building My Own Thing,Startup,B2B SaaS to First 10 Customers,1 Month,Beginner (Basic theory / introductory coursework),Sat;Sun,Hard,1,1,30-Day Milestone Accelerator,4 Weeks,4,12
RIPPLE_1000,Changing Careers,Learn New Skills,Machine Learning Fundamentals,6 Months,Beginner (Basic theory / introductory coursework),Mon;Tue;Wed;Thu;Fri;Sat;Sun,Moderate,0,0,Comprehensive Mastery & Career Pivot,24 Weeks,4,12
